State_abbreviation,State,Plant_county,Burned_coal
AK,Alaska,Aleutians East,
AL,Alabama,Mobile,Yes
AL,Alabama,Etowah,
AL,Alabama,Walker,Yes
TX,Texas,El Paso,
AL,Alabama,Greene,
AL,Alabama,Shelby,Yes
MN,Minnesota,Watonwan,
AL,Alabama,Colbert,
LA,Louisiana,DeSoto,Yes
KY,Kentucky,Clark,
AL,Alabama,Washington,Yes
NE,Nebraska,Hall,Yes
NE,Nebraska,Adams,Yes
AK,Alaska,Juneau,
AK,Alaska,Juneau,
AK,Alaska,Skagway,
AK,Alaska,Haines,
AK,Alaska,Anchorage,
AK,Alaska,Fairbanks North Star,Yes
AK,Alaska,Ketchikan Gateway,
NM,New Mexico,McKinley,Yes
AK,Alaska,Nome,
AK,Alaska,Petersburg,
AK,Alaska,Kenai Peninsula,
AK,Alaska,Wrangell,
AK,Alaska,Kenai Peninsula,
WA,Washington,Pierce,
KS,Kansas,Finney,Yes
AK,Alaska,Dillingham,
AZ,Arizona,Navajo,Yes
AZ,Arizona,Cochise,
AZ,Arizona,Maricopa,
AZ,Arizona,Maricopa,
AZ,Arizona,Pinal,
AZ,Arizona,Yuma,
AZ,Arizona,Pima,
AZ,Arizona,Pima,
TX,Texas,Wilbarger,Yes
SC,South Carolina,Berkeley,Yes
FL,Florida,Putnam,Yes
AZ,Arizona,Maricopa,
AZ,Arizona,Maricopa,
CA,California,Stanislaus,
AZ,Arizona,Cochise,Yes
OK,Oklahoma,Mayes,Yes
AR,Arkansas,Hot Spring,
AR,Arkansas,Clay,
AR,Arkansas,Franklin,
AR,Arkansas,Woodruff,
AR,Arkansas,Ouachita,
CA,California,Humboldt,
CA,California,Monterey,
TX,Texas,Limestone,Yes
CA,California,San Diego,
CA,California,Los Angeles,
CA,California,Los Angeles,
CA,California,Orange,
CA,California,Los Angeles,
CA,California,Ventura,
CA,California,Los Angeles,
CA,California,San Bernardino,
CA,California,Los Angeles,
IL,Illinois,Will,
CA,California,Imperial,
CA,California,Los Angeles,
CA,California,Los Angeles,
CA,California,Los Angeles,
AK,Alaska,Southeast Fairbanks,
CA,California,Los Angeles,
AK,Alaska,Prince of Wales-Hyder,
CA,California,Los Angeles,
AK,Alaska,Prince of Wales-Hyder,
CO,Colorado,Pueblo,
CO,Colorado,Alamosa,
CO,Colorado,Adams,
CO,Colorado,Pueblo,Yes
CO,Colorado,Mesa,
CO,Colorado,Boulder,
CO,Colorado,El Paso,Yes
CO,Colorado,El Paso,
CO,Colorado,Prowers,
CO,Colorado,Otero,
CO,Colorado,Las Animas,
CO,Colorado,Routt,Yes
CO,Colorado,Montrose,Yes
AL,Alabama,Covington,
CA,California,Sacramento,
CT,Connecticut,New Haven,
CT,Connecticut,Fairfield,
CT,Connecticut,New Haven,
CT,Connecticut,New London,
WA,Washington,Stevens,
CT,Connecticut,New London,
CT,Connecticut,Litchfield,
CT,Connecticut,Middlesex,
CT,Connecticut,Hartford,
FL,Florida,Orange,Yes
CT,Connecticut,Litchfield,
CT,Connecticut,Fairfield,Yes
CT,Connecticut,New London,
VT,Vermont,Chittenden,
DE,Delaware,New Castle,
DE,Delaware,New Castle,
DE,Delaware,New Castle,
DE,Delaware,Sussex,Yes
DE,Delaware,New Castle,
DE,Delaware,Kent,
MD,Maryland,Anne Arundel,Yes
WA,Washington,Skagit,
FL,Florida,Brevard,
FL,Florida,Lee,
FL,Florida,Broward,
FL,Florida,Broward,
FL,Florida,Palm Beach,
FL,Florida,Volusia,
FL,Florida,Miami Dade,
FL,Florida,Highlands,
FL,Florida,Pinellas,
FL,Florida,Citrus,Yes
FL,Florida,Pinellas,
FL,Florida,Pinellas,
FL,Florida,Suwannee,
FL,Florida,Escambia,Yes
FL,Florida,Bay,
FL,Florida,Hillsborough,Yes
FL,Florida,Alachua,Yes
FL,Florida,Alachua,
FL,Florida,Miami Dade,
FL,Florida,Duval,
FL,Florida,Duval,Yes
FL,Florida,Palm Beach,
FL,Florida,Polk,
FL,Florida,Polk,Yes
FL,Florida,Brevard,
FL,Florida,Leon,
FL,Florida,Wakulla,
FL,Florida,Monroe,
MO,Missouri,Grundy,
GA,Georgia,Bartow,Yes
GA,Georgia,Floyd,Yes
GA,Georgia,Cobb,
GA,Georgia,Glynn,
GA,Georgia,Coweta,
GA,Georgia,Chatham,
GA,Georgia,Worth,
OK,Oklahoma,Kay,
HI,Hawaii,Honolulu,
HI,Hawaii,Honolulu,
HI,Hawaii,Hawaii,
HI,Hawaii,Hawaii,
HI,Hawaii,Hawaii,
AK,Alaska,Valdez Cordova,
HI,Hawaii,Maui,
ID,Idaho,Lemhi,
IL,Illinois,Peoria,Yes
IL,Illinois,Montgomery,Yes
IL,Illinois,Jackson,
IL,Illinois,Will,
IL,Illinois,Christian,Yes
IL,Illinois,Tazewell,Yes
IL,Illinois,Lake,Yes
IL,Illinois,Will,Yes
IL,Illinois,Cook,
IL,Illinois,Massac,Yes
IL,Illinois,Randolph,Yes
IL,Illinois,Mason,Yes
IL,Illinois,Putnam,Yes
IL,Illinois,Rock Island,
IL,Illinois,Madison,
IL,Illinois,Clinton,
IL,Illinois,McDonough,
IL,Illinois,Clinton,
IL,Illinois,White,
IL,Illinois,Wayne,
IL,Illinois,DeWitt,
IL,Illinois,St Clair,
IL,Illinois,Henry,
IL,Illinois,Madison,
IL,Illinois,Hamilton,
IL,Illinois,Clark,
IL,Illinois,LaSalle,
IL,Illinois,Bureau,
IL,Illinois,Champaign,
IL,Illinois,Randolph,
IL,Illinois,Ogle,
IL,Illinois,Ogle,
IL,Illinois,Sangamon,Yes
IL,Illinois,Sangamon,
IL,Illinois,Moultrie,
IL,Illinois,Monroe,
IL,Illinois,Cook,
IL,Illinois,Williamson,Yes
IN,Indiana,Jefferson,Yes
IN,Indiana,Marion,
IN,Indiana,Morgan,
IN,Indiana,Marion,
IN,Indiana,Pike,Yes
IN,Indiana,LaPorte,Yes
IN,Indiana,Vermillion,Yes
IN,Indiana,Knox,Yes
IN,Indiana,Hamilton,
IN,Indiana,Floyd,Yes
IN,Indiana,Warrick,Yes
NC,North Carolina,Cumberland,
IN,Indiana,Jasper,
IN,Indiana,Wayne,Yes
IA,Iowa,Allamakee,Yes
IA,Iowa,Marshall,
IA,Iowa,Linn,Yes
IA,Iowa,Johnson,
IA,Iowa,Scott,
IA,Iowa,Pottawattamie,Yes
IA,Iowa,Polk,
IA,Iowa,Woodbury,Yes
IA,Iowa,Floyd,
IA,Iowa,Des Moines,Yes
IA,Iowa,Kossuth,
IA,Iowa,Buena Vista,
IA,Iowa,Story,
IA,Iowa,Cass,
IA,Iowa,Cass,
IA,Iowa,Kossuth,
IA,Iowa,Jackson,
IA,Iowa,Poweshiek,
IA,Iowa,Dubuque,
IA,Iowa,Black Hawk,
IA,Iowa,Black Hawk,Yes
IA,Iowa,Linn,
IA,Iowa,Adams,
IA,Iowa,Webster,
IA,Iowa,Emmet,
IA,Iowa,Winnebago,
IA,Iowa,Webster,
IA,Iowa,Palo Alto,
IA,Iowa,Greene,
IA,Iowa,Grundy,
IA,Iowa,Warren,
IA,Iowa,Dickinson,
IA,Iowa,Winnebago,
IA,Iowa,Decatur,
IA,Iowa,Black Hawk,
IA,Iowa,Pocahontas,
IA,Iowa,Taylor,
IA,Iowa,Carroll,
IA,Iowa,Jackson,
IA,Iowa,Clayton,
IA,Iowa,Dickinson,
IA,Iowa,Poweshiek,
IA,Iowa,Henry,
IA,Iowa,Muscatine,Yes
IA,Iowa,Chickasaw,
IA,Iowa,Boone,
IA,Iowa,Mitchell,
IA,Iowa,Floyd,
IA,Iowa,Lyon,
IA,Iowa,Osceola,
IA,Iowa,Clay,
IA,Iowa,Marshall,
IA,Iowa,Story,
IA,Iowa,Guthrie,
IA,Iowa,Bremer,
IA,Iowa,Tama,
IA,Iowa,Montgomery,
IA,Iowa,Benton,
IA,Iowa,Hamilton,
IA,Iowa,Palo Alto,
IA,Iowa,Muscatine,
IA,Iowa,Muscatine,
IA,Iowa,Madison,
IA,Iowa,Union,
IA,Iowa,Clay,
KS,Kansas,Thomas,
KS,Kansas,Seward,
KS,Kansas,Ford,
KS,Kansas,Barton,
KS,Kansas,Cherokee,
KS,Kansas,Sedgwick,
KS,Kansas,Linn,Yes
KS,Kansas,Reno,
KS,Kansas,Douglas,Yes
KS,Kansas,Harper,
KS,Kansas,Clark,
KS,Kansas,Butler,
KS,Kansas,Douglas,
KS,Kansas,Republic,
KS,Kansas,Mitchell,
KS,Kansas,Osage,
KS,Kansas,Coffey,
KS,Kansas,Neosho,
KS,Kansas,Clay,
KS,Kansas,Montgomery,
KS,Kansas,Thomas,
KS,Kansas,Barton,
KS,Kansas,Neosho,
KS,Kansas,Crawford,
KS,Kansas,Sherman,
KS,Kansas,Graham,
KS,Kansas,Barton,
KS,Kansas,Jackson,
KS,Kansas,Allen,
KS,Kansas,Hodgeman,
KS,Kansas,Wyandotte,
KS,Kansas,Kingman,
KS,Kansas,Rush,
KS,Kansas,Pawnee,
KS,Kansas,Lincoln,
KS,Kansas,McPherson,
KS,Kansas,Meade,
KS,Kansas,Ottawa,
KS,Kansas,Decatur,
KS,Kansas,Osage,
KS,Kansas,Miami,
KS,Kansas,Osborne,
KS,Kansas,Franklin,
KS,Kansas,Pratt,
KS,Kansas,Russell,
KS,Kansas,Nemaha,
KS,Kansas,Stafford,
KS,Kansas,Stafford,
KS,Kansas,Rice,
KS,Kansas,Rooks,
KS,Kansas,Pottawatomie,
KS,Kansas,Washington,
KS,Kansas,Sumner,
KS,Kansas,Finney,
KY,Kentucky,Lawrence,
KY,Kentucky,Mercer,Yes
KY,Kentucky,Carroll,Yes
KY,Kentucky,Fayette,
KY,Kentucky,Jefferson,
KY,Kentucky,Jefferson,Yes
KY,Kentucky,Jefferson,
KY,Kentucky,Jefferson,
KY,Kentucky,Daviess,Yes
KY,Kentucky,Bourbon,
KY,Kentucky,Muhlenberg,Yes
KY,Kentucky,McCracken,Yes
KY,Kentucky,Henderson,Yes
KY,Kentucky,Webster,
KY,Kentucky,Pulaski,Yes
LA,Louisiana,East Baton Rouge,
LA,Louisiana,Evangeline,
LA,Louisiana,St Mary,
LA,Louisiana,St Charles,
LA,Louisiana,Jefferson,
LA,Louisiana,Ouachita,
LA,Louisiana,Caddo,
LA,Louisiana,Caddo,
LA,Louisiana,Terrebonne,
LA,Louisiana,Pointe Coupee,
ME,Maine,Cumberland,
ME,Maine,Cumberland,
MD,Maryland,Anne Arundel,Yes
MD,Maryland,Baltimore,
MD,Maryland,Harford,
MD,Maryland,Baltimore City,
MD,Maryland,Baltimore,
MD,Maryland,Baltimore City,
MD,Maryland,Somerset,
MD,Maryland,Dorchester,
MD,Maryland,Prince Georges,Yes
MD,Maryland,Montgomery,Yes
MD,Maryland,Charles,Yes
MD,Maryland,Talbot,
MA,Massachusetts,Norfolk,
MA,Massachusetts,Middlesex,
MA,Massachusetts,Norfolk,
MA,Massachusetts,Middlesex,
MA,Massachusetts,Dukes,
MA,Massachusetts,Barnstable,
MA,Massachusetts,Nantucket,
MA,Massachusetts,Berkshire,
MA,Massachusetts,Hampden,
MA,Massachusetts,Berkshire,
MA,Massachusetts,Norfolk,
MA,Massachusetts,Essex,
MA,Massachusetts,Essex,
MA,Massachusetts,Bristol,
MI,Michigan,Bay,Yes
MI,Michigan,Ottawa,Yes
MI,Michigan,Livingston,
MI,Michigan,Wayne,
MI,Michigan,Monroe,
MI,Michigan,Oakland,
MI,Michigan,Monroe,Yes
MI,Michigan,Macomb,
MI,Michigan,Huron,
MI,Michigan,Oakland,
MI,Michigan,Oakland,
MI,Michigan,Wayne,Yes
MI,Michigan,Wayne,
MI,Michigan,St Clair,Yes
MI,Michigan,Washtenaw,
MI,Michigan,Wayne,Yes
MI,Michigan,Tuscola,
MI,Michigan,Schoolcraft,
MI,Michigan,Marquette,Yes
MI,Michigan,Baraga,
MI,Michigan,Lenawee,
MI,Michigan,Ottawa,Yes
MI,Michigan,Ottawa,
MI,Michigan,Hillsdale,
MI,Michigan,Ingham,Yes
MI,Michigan,Eaton,Yes
MI,Michigan,Marquette,
MI,Michigan,Calhoun,
MI,Michigan,Luce,
MI,Michigan,Gratiot,
MI,Michigan,Huron,
MI,Michigan,St Joseph,
MI,Michigan,Wayne,
MI,Michigan,Ottawa,
MI,Michigan,Chippewa,
MI,Michigan,Cheboygan,
MI,Michigan,Tuscola,
MI,Michigan,Huron,
MI,Michigan,Osceola,
MI,Michigan,Allegan,
MI,Michigan,Montcalm,
MN,Minnesota,St Louis,
MN,Minnesota,Itasca,Yes
MN,Minnesota,St Louis,Yes
MN,Minnesota,Dakota,
MN,Minnesota,Ramsey,
MN,Minnesota,Dakota,
MN,Minnesota,Washington,Yes
MN,Minnesota,Goodhue,
MN,Minnesota,Hennepin,
MN,Minnesota,Watonwan,
MN,Minnesota,Blue Earth,
MN,Minnesota,Otter Tail,Yes
MN,Minnesota,Nobles,
MN,Minnesota,Douglas,
MN,Minnesota,Swift,
MN,Minnesota,Steele,
MN,Minnesota,Faribault,
MN,Minnesota,Wright,
MN,Minnesota,Becker,
MN,Minnesota,Sherburne,
MN,Minnesota,Renville,
MN,Minnesota,Martin,
MN,Minnesota,McLeod,
MN,Minnesota,Cook,
MN,Minnesota,St Louis,Yes
MN,Minnesota,McLeod,
MN,Minnesota,Waseca,
MN,Minnesota,Goodhue,
MN,Minnesota,Blue Earth,
MN,Minnesota,Fillmore,
MN,Minnesota,Meeker,
MN,Minnesota,Rock,
MN,Minnesota,Lyon,
MN,Minnesota,Stearns,
MN,Minnesota,Carlton,
MN,Minnesota,Kanabec,
MN,Minnesota,Cottonwood,
MN,Minnesota,Le Sueur,
MN,Minnesota,Brown,
MN,Minnesota,Chisago,
MN,Minnesota,Steele,
MN,Minnesota,Fillmore,
MN,Minnesota,Mille Lacs,
MN,Minnesota,Redwood,
MN,Minnesota,Brown,
MN,Minnesota,Fillmore,
MN,Minnesota,Pennington,
MN,Minnesota,Martin,
MN,Minnesota,St Louis,Yes
MN,Minnesota,Faribault,
MN,Minnesota,Cottonwood,
MN,Minnesota,Kandiyohi,
MN,Minnesota,Cottonwood,
MN,Minnesota,Nobles,
MN,Minnesota,Isanti,
MN,Minnesota,Sherburne,
MN,Minnesota,Wright,
MS,Mississippi,Jackson,
MS,Mississippi,Lauderdale,
MS,Mississippi,Harrison,
MS,Mississippi,Warren,
MS,Mississippi,Hinds,
MS,Mississippi,Coahoma,
MS,Mississippi,Yazoo,
MS,Mississippi,Jones,
MO,Missouri,Jasper,Yes
MO,Missouri,Jackson,Yes
MO,Missouri,Jackson,
MO,Missouri,Cole,
MO,Missouri,Vernon,
MO,Missouri,Cass,
MO,Missouri,Buchanan,Yes
MO,Missouri,Franklin,Yes
MO,Missouri,St Louis,Yes
MO,Missouri,St Charles,Yes
MO,Missouri,Bates,
MO,Missouri,Jasper,
MO,Missouri,Livingston,
MO,Missouri,Boone,
MO,Missouri,Callaway,
MO,Missouri,Lafayette,
MO,Missouri,Jackson,
MO,Missouri,Jackson,
MO,Missouri,Jackson,
MO,Missouri,Jackson,
MO,Missouri,Cape Girardeau,
MO,Missouri,Clark,
MO,Missouri,Dunklin,
MO,Missouri,Dunklin,
MO,Missouri,Saline,
MO,Missouri,Greene,
MO,Missouri,Putnam,
MO,Missouri,New Madrid,Yes
MO,Missouri,Randolph,Yes
MT,Montana,Dawson,
MT,Montana,Custer,
WY,Wyoming,Teton,
NE,Nebraska,Custer,
NE,Nebraska,Nemaha,
NE,Nebraska,Custer,
NE,Nebraska,Garfield,
NE,Nebraska,Furnas,
NE,Nebraska,Gosper,
NE,Nebraska,Deuel,
NE,Nebraska,Saline,
NE,Nebraska,Frontier,
NE,Nebraska,Butler,
NE,Nebraska,Dixon,
NE,Nebraska,Richardson,
NE,Nebraska,Franklin,
NE,Nebraska,Dodge,Yes
NE,Nebraska,Hall,
NE,Nebraska,Adams,
NE,Nebraska,Adams,
NE,Nebraska,Kimball,
NE,Nebraska,Cedar,
NE,Nebraska,Lancaster,
NE,Nebraska,Otoe,
NE,Nebraska,Otoe,
NE,Nebraska,Lancaster,
NE,Nebraska,Thayer,
NE,Nebraska,Red Willow,
NE,Nebraska,Lancaster,Yes
NE,Nebraska,Douglas,
NE,Nebraska,Douglas,Yes
NE,Nebraska,Sarpy,
NE,Nebraska,Valley,
NE,Nebraska,Furnas,
NE,Nebraska,Thurston,
NE,Nebraska,Pierce,
NE,Nebraska,Webster,
NE,Nebraska,Custer,
NE,Nebraska,Cheyenne,
NE,Nebraska,Greeley,
NE,Nebraska,Holt,
NE,Nebraska,Johnson,
NE,Nebraska,Saunders,
NE,Nebraska,Dixon,
NE,Nebraska,Wayne,
NE,Nebraska,Cuming,
NE,Nebraska,Saline,
NE,Nebraska,Cuming,
NV,Nevada,Clark,
NV,Nevada,Lyon,
NV,Nevada,Storey,
NH,New Hampshire,Coos,
NH,New Hampshire,Merrimack,Yes
NH,New Hampshire,Rockingham,Yes
NH,New Hampshire,Carroll,
NJ,New Jersey,Cumberland,
NJ,New Jersey,Middlesex,
NJ,New Jersey,Hunterdon,
NJ,New Jersey,Bergen,
NJ,New Jersey,Burlington,
NJ,New Jersey,Essex,
NJ,New Jersey,Hudson,
NJ,New Jersey,Union,
NJ,New Jersey,Salem,
NJ,New Jersey,Middlesex,
NJ,New Jersey,Cumberland,
NM,New Mexico,San Juan,Yes
NM,New Mexico,Dona Ana,
NM,New Mexico,Lea,
NM,New Mexico,Bernalillo,
NM,New Mexico,San Juan,Yes
NM,New Mexico,Lea,
NM,New Mexico,San Juan,
NY,New York,Orange,
NY,New York,Greene,
NY,New York,Greene,
NY,New York,Richmond,
NY,New York,New York,
NY,New York,Kings,
NY,New York,Kings,
NY,New York,Kings,
NY,New York,Queens,
NY,New York,New York,
NY,New York,New York,
NY,New York,Nassau,
NY,New York,Suffolk,
NY,New York,Nassau,
NY,New York,Suffolk,
NY,New York,Suffolk,
NY,New York,Suffolk,
NY,New York,Suffolk,
NY,New York,Suffolk,
NY,New York,Suffolk,
NY,New York,Yates,
NY,New York,Essex,
NY,New York,Tompkins,Yes
NY,New York,Albany,
NY,New York,Oswego,
NY,New York,Rockland,
NY,New York,Rockland,
NY,New York,Orange,
NY,New York,Nassau,
NY,New York,Nassau,
NY,New York,Suffolk,
NY,New York,Chautauqua,
NY,New York,Nassau,
NC,North Carolina,Buncombe,Yes
NC,North Carolina,Anson,
NC,North Carolina,Wayne,
NC,North Carolina,Person,Yes
NC,North Carolina,New Hanover,
NC,North Carolina,Robeson,
NC,North Carolina,Gaston,Yes
NC,North Carolina,Rowan,
NC,North Carolina,Cleveland,Yes
NC,North Carolina,Rockingham,
NC,North Carolina,Catawba,Yes
NC,North Carolina,Dare,
ND,North Dakota,Morton,Yes
ND,North Dakota,Stutsman,
ND,North Dakota,Mercer,Yes
ND,North Dakota,Oliver,Yes
OH,Ohio,Jefferson,Yes
OH,Ohio,Butler,
OH,Ohio,Hamilton,Yes
OH,Ohio,Lorain,Yes
OH,Ohio,Lake,
OH,Ohio,Coshocton,Yes
OH,Ohio,Montgomery,
OH,Ohio,Montgomery,
OH,Ohio,Montgomery,
OH,Ohio,Shelby,
OH,Ohio,Montgomery,
OH,Ohio,Trumbull,
OH,Ohio,Jefferson,Yes
OH,Ohio,Lorain,
OH,Ohio,Gallia,Yes
OH,Ohio,Lucas,
OH,Ohio,Defiance,
OH,Ohio,Williams,
OH,Ohio,Williams,
OH,Ohio,Cuyahoga,
OH,Ohio,Cuyahoga,
OH,Ohio,Tuscarawas,Yes
OH,Ohio,Lorain,
OH,Ohio,Wayne,Yes
OH,Ohio,Lake,Yes
OH,Ohio,Miami,
OH,Ohio,Auglaize,
OH,Ohio,Monroe,
OK,Oklahoma,Oklahoma,
OK,Oklahoma,Muskogee,Yes
OK,Oklahoma,Canadian,
OK,Oklahoma,Seminole,
OK,Oklahoma,Rogers,Yes
OK,Oklahoma,Caddo,
OK,Oklahoma,Tulsa,
OK,Oklahoma,Okfuskee,
OK,Oklahoma,Payne,
OK,Oklahoma,Kingfisher,
OK,Oklahoma,Greer,
OK,Oklahoma,Osage,
OK,Oklahoma,Payne,
OK,Oklahoma,Caddo,
OK,Oklahoma,Woodward,
PA,Pennsylvania,Allegheny,
PA,Pennsylvania,Adams,
PA,Pennsylvania,Adams,
PA,Pennsylvania,Cumberland,
PA,Pennsylvania,Adams,
PA,Pennsylvania,Northampton,
PA,Pennsylvania,Monroe,
PA,Pennsylvania,Berks,
PA,Pennsylvania,York,
PA,Pennsylvania,Indiana,Yes
PA,Pennsylvania,Tioga,
PA,Pennsylvania,Indiana,Yes
PA,Pennsylvania,Indiana,Yes
PA,Pennsylvania,Clearfield,
PA,Pennsylvania,Warren,
PA,Pennsylvania,Armstrong,Yes
PA,Pennsylvania,Lawrence,
PA,Pennsylvania,Lehigh,
PA,Pennsylvania,York,Yes
PA,Pennsylvania,Schuylkill,
PA,Pennsylvania,Dauphin,
PA,Pennsylvania,Luzerne,
PA,Pennsylvania,Luzerne,
PA,Pennsylvania,Northampton,
PA,Pennsylvania,Montour,Yes
PA,Pennsylvania,Snyder,
PA,Pennsylvania,Cumberland,
PA,Pennsylvania,Lycoming,
PA,Pennsylvania,Chester,
PA,Pennsylvania,Philadelphia,
PA,Pennsylvania,Delaware,
PA,Pennsylvania,Bucks,
PA,Pennsylvania,Montgomery,
PA,Pennsylvania,Philadelphia,
PA,Pennsylvania,Philadelphia,
PA,Pennsylvania,Philadelphia,
PA,Pennsylvania,Luzerne,
RI,Rhode Island,Providence,
SC,South Carolina,Darlington,
SC,South Carolina,Anderson,
SC,South Carolina,Richland,
SC,South Carolina,Charleston,
SC,South Carolina,Lexington,
SC,South Carolina,Fairfield,
SC,South Carolina,Aiken,
SC,South Carolina,Richland,Yes
SC,South Carolina,Berkeley,Yes
SC,South Carolina,Anderson,
SC,South Carolina,Beaufort,
SC,South Carolina,Horry,
SD,South Dakota,Pennington,
SD,South Dakota,Brown,
SD,South Dakota,Clark,
SD,South Dakota,Faulk,
SD,South Dakota,Beadle,
SD,South Dakota,Beadle,
SD,South Dakota,Kingsbury,
TN,Tennessee,Shelby,
TN,Tennessee,Anderson,Yes
TN,Tennessee,Stewart,Yes
TN,Tennessee,Sumner,Yes
TN,Tennessee,Hawkins,
TN,Tennessee,Humphreys,
TN,Tennessee,Roane,Yes
TX,Texas,Webb,
TX,Texas,Nueces,
TX,Texas,Victoria,
TX,Texas,Dallas,
TX,Texas,Dallas,
TX,Texas,El Paso,
TX,Texas,Montgomery,
TX,Texas,Orange,
TX,Texas,Chambers,
TX,Texas,Harris,
TX,Texas,Harris,
TX,Texas,Fort Bend,Yes
TX,Texas,Gregg,
TX,Texas,Morris,
TX,Texas,Marion,
TX,Texas,Lubbock,
TX,Texas,Potter,
TX,Texas,Lamb,
TX,Texas,Young,
TX,Texas,Tarrant,
TX,Texas,Mitchell,
TX,Texas,Ward,
TX,Texas,Cherokee,
TX,Texas,Henderson,
TX,Texas,Travis,
TX,Texas,Cameron,
TX,Texas,Brazos,
TX,Texas,Collin,
TX,Texas,Bastrop,
TX,Texas,Lubbock,
TX,Texas,Bexar,
TX,Texas,Bexar,
TX,Texas,Bexar,
TX,Texas,Palo Pinto,
TX,Texas,Frio,
TX,Texas,Victoria,
UT,Utah,Salt Lake,
UT,Utah,Davis,
VT,Vermont,Windsor,
VT,Vermont,Rutland,
VT,Vermont,Washington,
VT,Vermont,Chittenden,
VT,Vermont,Chittenden,
VT,Vermont,Chittenden,
VA,Virginia,Russell,
VA,Virginia,Northampton,
VA,Virginia,Accomack,
VA,Virginia,Chesterfield,Yes
VA,Virginia,Alleghany,
VA,Virginia,Richmond,
VA,Virginia,Chesapeake City,
VA,Virginia,Prince William,
VA,Virginia,York,
WA,Washington,Lewis,Yes
WA,Washington,Pierce,
WV,West Virginia,Putnam,Yes
WV,West Virginia,Monongalia,Yes
WV,West Virginia,Harrison,Yes
WV,West Virginia,Marshall,Yes
WV,West Virginia,Grant,Yes
WI,Wisconsin,Ashland,Yes
WI,Wisconsin,Dane,
WI,Wisconsin,Dane,
WI,Wisconsin,Dane,
WI,Wisconsin,La Crosse,
WI,Wisconsin,Chippewa,
WI,Wisconsin,Burnett,
WI,Wisconsin,Ozaukee,
WI,Wisconsin,Milwaukee,Yes
WI,Wisconsin,Milwaukee,
WI,Wisconsin,Manitowoc,
WI,Wisconsin,Sheboygan,Yes
WI,Wisconsin,Rock,
WI,Wisconsin,Rock,
WI,Wisconsin,Brown,
WI,Wisconsin,Marinette,
WI,Wisconsin,Marathon,Yes
WI,Wisconsin,Trempealeau,
WI,Wisconsin,Barron,
WI,Wisconsin,Juneau,
WI,Wisconsin,Grant,
WI,Wisconsin,Outagamie,
WI,Wisconsin,Manitowoc,Yes
WI,Wisconsin,Juneau,
WI,Wisconsin,Vernon,Yes
WI,Wisconsin,Door,
WY,Wyoming,Converse,Yes
WY,Wyoming,Lincoln,Yes
TX,Texas,Hunt,
UT,Utah,Cache,
CA,California,Stanislaus,
MD,Maryland,Talbot,
TX,Texas,Denton,
WI,Wisconsin,Buffalo,Yes
TX,Texas,Llano,
TX,Texas,Nueces,
OK,Oklahoma,Tulsa,
AZ,Arizona,Coconino,Yes
NJ,New Jersey,Cumberland,
AL,Alabama,Jefferson,Yes
WV,West Virginia,Pleasants,Yes
AR,Arkansas,Jefferson,Yes
IL,Illinois,Fulton,Yes
IL,Illinois,Jasper,Yes
KY,Kentucky,Boone,Yes
OH,Ohio,Clermont,Yes
CO,Colorado,Moffat,Yes
ND,North Dakota,McLean,Yes
MI,Michigan,St Clair,Yes
MI,Michigan,St Clair,
KY,Kentucky,Mason,Yes
FL,Florida,Manatee,
FL,Florida,Martin,
FL,Florida,Volusia,
MA,Massachusetts,Dukes,
GA,Georgia,Heard,Yes
LA,Louisiana,Pointe Coupee,Yes
HI,Hawaii,Maui,
MN,Minnesota,Olmsted,
CA,California,Riverside,
IA,Iowa,Black Hawk,
KS,Kansas,Wyandotte,Yes
MO,Missouri,Platte,Yes
KS,Kansas,Pottawatomie,Yes
KY,Kentucky,Trimble,Yes
MS,Mississippi,Jackson,Yes
MO,Missouri,Jackson,
MT,Montana,Rosebud,Yes
NE,Nebraska,Lincoln,Yes
MA,Massachusetts,Hampden,
NY,New York,Niagara,Yes
IN,Indiana,Jasper,Yes
AZ,Arizona,Pima,
MT,Montana,Richland,Yes
MN,Minnesota,Sherburne,Yes
SD,South Dakota,Clay,
PA,Pennsylvania,Beaver,Yes
OK,Oklahoma,Noble,Yes
NE,Nebraska,Otoe,Yes
SD,South Dakota,Grant,Yes
WY,Wyoming,Campbell,Yes
OR,Oregon,Morrow,Yes
CO,Colorado,Weld,
IN,Indiana,Gibson,Yes
WA,Washington,Whatcom,
GA,Georgia,Effingham,Yes
MA,Massachusetts,Worcester,
IN,Indiana,Posey,Yes
AR,Arkansas,Benton,Yes
TX,Texas,Titus,Yes
TX,Texas,Rusk,Yes
MO,Missouri,Jefferson,Yes
CT,Connecticut,New Haven,
UT,Utah,Emery,Yes
IN,Indiana,Spencer,Yes
AZ,Arizona,Apache,Yes
TX,Texas,Goliad,Yes
TX,Texas,Fayette,Yes
TX,Texas,Robertson,Yes
TX,Texas,Bexar,
TX,Texas,Atascosa,Yes
LA,Louisiana,Rapides,Yes
TX,Texas,Potter,Yes
TX,Texas,Lamb,Yes
MO,Missouri,Greene,Yes
WY,Wyoming,Platte,Yes
WA,Washington,Spokane,
CA,California,Alameda,
IN,Indiana,Sullivan,Yes
IA,Iowa,Cedar,
MO,Missouri,Jasper,
NE,Nebraska,York,
IL,Illinois,Pike,
TX,Texas,Brazos,
CO,Colorado,Morgan,Yes
SC,South Carolina,Georgetown,Yes
NC,North Carolina,Person,Yes
WI,Wisconsin,Washington,
IA,Iowa,Wapello,Yes
GA,Georgia,Monroe,Yes
GA,Georgia,Burke,
WV,West Virginia,Mason,Yes
AK,Alaska,Kenai Peninsula,
AK,Alaska,Fairbanks North Star,
AK,Alaska,Fairbanks North Star,
AK,Alaska,Denali,Yes
AK,Alaska,Kenai Peninsula,
AK,Alaska,Anchorage,
AK,Alaska,Nome,
AK,Alaska,Bristol Bay,
AK,Alaska,NORTHWEST ARCTIC,
AK,Alaska,Valdez Cordova,
AK,Alaska,Valdez Cordova,
AK,Alaska,Bethel,
AK,Alaska,Wade Hampton,
AK,Alaska,Bethel,
AK,Alaska,Northwest Arctic,
AK,Alaska,Bethel,
AK,Alaska,Northwest Arctic,
AK,Alaska,Bethel,
AK,Alaska,Northwest Arctic,
AK,Alaska,Nome,
AK,Alaska,Dillingham,
MI,Michigan,Ottawa,
MN,Minnesota,McLeod,
MI,Michigan,Chippewa,
NE,Nebraska,Lancaster,
NC,North Carolina,Hyde,
VA,Virginia,Accomack,
MD,Maryland,Somerset,
IA,Iowa,Story,
ND,North Dakota,Mercer,Yes
HI,Hawaii,Kauai,
UT,Utah,Millard,Yes
HI,Hawaii,Maui,
AZ,Arizona,Santa Cruz,
CO,Colorado,Otero,
CA,California,Placer,
VT,Vermont,Addison,
IA,Iowa,Bremer,
AK,Alaska,Yukon Koyukuk,
LA,Louisiana,Rapides,
AK,Alaska,Anchorage,
MD,Maryland,Worcester,
AK,Alaska,Bethel,
RI,Rhode Island,Washington,
KS,Kansas,Stanton,
FL,Florida,Monroe,
MA,Massachusetts,Essex,
CO,Colorado,Kit Carson,
CT,Connecticut,New Haven,
AK,Alaska,Yakutat,
KY,Kentucky,Webster,Yes
AR,Arkansas,Independence,Yes
MO,Missouri,Audrain,
MO,Missouri,Randolph,
MO,Missouri,Cole,
IA,Iowa,Louisa,Yes
AK,Alaska,Hoonah-Angoon,
CA,California,Los Angeles,
IN,Indiana,Warrick,Yes
MN,Minnesota,Pine,
CO,Colorado,Larimer,Yes
MO,Missouri,Scott,Yes
OK,Oklahoma,Choctaw,Yes
NJ,New Jersey,Cumberland,
KS,Kansas,Butler,
AK,Alaska,Sitka,
KY,Kentucky,Ohio,Yes
MN,Minnesota,Carver,
KS,Kansas,Stevens,
KS,Kansas,Cowley,
KS,Kansas,Neosho,
UT,Utah,Utah,
TX,Texas,Robertson,Yes
VA,Virginia,Surry,
WY,Wyoming,Teton,
IA,Iowa,Osceola,
AL,Alabama,Washington,
UT,Utah,Washington,
NV,Nevada,Clark,
TX,Texas,Bexar,Yes
UT,Utah,Wasatch,
AK,Alaska,Prince of Wales-Hyder,
MI,Michigan,Delta,
HI,Hawaii,Hawaii,
TX,Texas,Lubbock,
NJ,New Jersey,Ocean,
IA,Iowa,Polk,
NY,New York,Suffolk,
DE,Delaware,New Castle,
IA,Iowa,Cerro Gordo,
OH,Ohio,Butler,
WI,Wisconsin,Jefferson,
AK,Alaska,Southeast Fairbanks,
AK,Alaska,North Slope,
AK,Alaska,Yukon Koyukuk,
AK,Alaska,Lake and Peninsula,
WI,Wisconsin,Fond Du Lac,
SC,South Carolina,Orangeburg,Yes
VA,Virginia,Henrico,
VA,Virginia,Halifax,Yes
CA,California,Santa Clara,
CA,California,Santa Clara,
SD,South Dakota,Minnehaha,
FL,Florida,Osceola,
FL,Florida,Polk,
SD,South Dakota,Codington,
AK,Alaska,Juneau,
FL,Florida,Orange,
MI,Michigan,Allegan,
HI,Hawaii,Maui,
CA,California,Stanislaus,
WI,Wisconsin,Kenosha,
NC,North Carolina,Lincoln,
KS,Kansas,Johnson,
AR,Arkansas,Greene,
NJ,New Jersey,Cumberland,
MO,Missouri,Jasper,
FL,Florida,Polk,
CA,California,Shasta,
NY,New York,Suffolk,
CA,California,Stanislaus,
DE,Delaware,Kent,
TX,Texas,Harris,
IN,Indiana,Wayne,
IN,Indiana,Madison,
KS,Kansas,Sumner,
IA,Iowa,Woodbury,Yes
FL,Florida,Alachua,
GA,Georgia,Houston,
OR,Oregon,Morrow,
FL,Florida,Hardee,
MO,Missouri,Butler,
MA,Massachusetts,Hampden,
PA,Pennsylvania,Franklin,
MI,Michigan,Bay,
MI,Michigan,Bay,
MO,Missouri,Chariton,
MO,Missouri,Shelby,
MO,Missouri,Shelby,
UT,Utah,Utah,
OR,Oregon,Lane,
AK,Alaska,Prince of Wales-Hyder,
MN,Minnesota,Jackson,
IL,Illinois,Sangamon,
NC,North Carolina,Chowan,
AK,Alaska,Yukon Koyukuk,
VA,Virginia,Prince William,
VA,Virginia,Prince William,
VA,Virginia,Prince William,
VA,Virginia,Prince William,
KS,Kansas,Pratt,
CA,California,San Joaquin,
CA,California,Alameda,
CA,California,San Joaquin,
CA,California,Placer,
ID,Idaho,Kootenai,
AK,Alaska,Hoonah-Angoon,
AK,Alaska,Hoonah-Angoon,
AK,Alaska,Petersburg,
NE,Nebraska,Madison,
MO,Missouri,Linn,
SC,South Carolina,Orangeburg,
SC,South Carolina,Orangeburg,
NE,Nebraska,Webster,
AK,Alaska,North Slope,
AK,Alaska,North Slope,
AK,Alaska,North Slope,
AK,Alaska,North Slope,
AK,Alaska,North Slope,
AK,Alaska,North Slope,
AK,Alaska,North Slope,
AK,Alaska,Aleutians East,
AK,Alaska,Aleutians West,
AK,Alaska,Aleutians West,
WY,Wyoming,Campbell,Yes
MN,Minnesota,Otter Tail,
KS,Kansas,McPherson,
CA,California,Sacramento,
CA,California,Sacramento,
CA,California,Sacramento,
NE,Nebraska,Otoe,
IL,Illinois,McLean,
IA,Iowa,GUTHRIE,
OH,Ohio,Marion,
MO,Missouri,Dunklin,
WA,Washington,Clark,
CA,California,Orange,
AL,Alabama,Washington,
AL,Alabama,Lowndes,
FL,Florida,Polk,
PA,Pennsylvania,Bucks,
AL,Alabama,Lee,
FL,Florida,Santa Rosa,
MS,Mississippi,Lauderdale,
AL,Alabama,Mobile,
OR,Oregon,Benton,
SC,South Carolina,Charleston,Yes
MO,Missouri,Stoddard,
MO,Missouri,Nodaway,
OK,Oklahoma,Mayes,
IA,Iowa,Bremer,
IN,Indiana,Marion,
IL,Illinois,Vermilion,
TX,Texas,Hidalgo,
IN,Indiana,Henry,
GA,Georgia,Walton,
GA,Georgia,Jackson,
KS,Kansas,Neosho,
GA,Georgia,Mitchell,
IL,Illinois,Ogle,
OH,Ohio,Cuyahoga,
OH,Ohio,Darke,
OH,Ohio,Henry,
OH,Ohio,Tuscarawas,
OH,Ohio,Wayne,
OH,Ohio,Williams,
OH,Ohio,Shelby,
OH,Ohio,Darke,
OH,Ohio,Butler,
OH,Ohio,Wood,
UT,Utah,Uintah,Yes
OH,Ohio,Williams,
WI,Wisconsin,Manitowoc,
VA,Virginia,Prince William,
VA,Virginia,Prince William,
NC,North Carolina,Richmond,
WI,Wisconsin,Lafayette,
GA,Georgia,Polk,
SC,South Carolina,Union,
IL,Illinois,Scott,
CA,California,Imperial,
AR,Arkansas,Hempstead,
NC,North Carolina,Rowan,
OH,Ohio,Richland,
OH,Ohio,Richland,
GA,Georgia,Monroe,
MI,Michigan,Charlevoix,
SC,South Carolina,Anderson,
MD,Maryland,Cecil,
VA,Virginia,Fauquier,
VA,Virginia,Louisa,
VA,Virginia,Fauquier,
VA,Virginia,Caroline,
AK,Alaska,Valdez Cordova,
IL,Illinois,Fayette,
MN,Minnesota,Mower,
MN,Minnesota,Carver,
TN,Tennessee,Haywood,
FL,Florida,Duval,
IA,Iowa,Carroll,
MO,Missouri,Johnson,
IA,Iowa,Marion,
IA,Iowa,Page,
IA,Iowa,Black Hawk,
IA,Iowa,Crawford,
IL,Illinois,Whiteside,
IA,Iowa,Adair,
IA,Iowa,Adair,
IL,Illinois,Massac,
MO,Missouri,Shelby,
WI,Wisconsin,Chippewa,
IA,Iowa,Delaware,
NY,New York,Nassau,
WA,Washington,Whatcom,
OH,Ohio,Van Wert,
FL,Florida,Hillsborough,
OH,Ohio,Williams,
OH,Ohio,Lorain,
TN,Tennessee,Hancock,
NE,Nebraska,Lancaster,
AL,Alabama,Autauga,
TX,Texas,Travis,
TX,Texas,Harrison,Yes
MO,Missouri,Greene,
NY,New York,Queens,
NY,New York,Kings,
NY,New York,Suffolk,
NY,New York,Bronx,
NY,New York,Bronx,
NY,New York,Kings,
GA,Georgia,Talbot,
GA,Georgia,Heard,
OH,Ohio,Crawford,
OH,Ohio,Medina,
IA,Iowa,Tama,
MN,Minnesota,Martin,
IA,Iowa,Clayton,
KS,Kansas,Miami,
KS,Kansas,Johnson,
KS,Kansas,Russell,
OR,Oregon,Morrow,
MI,Michigan,Otsego,
IL,Illinois,Whiteside,
MO,Missouri,Grundy,
VA,Virginia,Amelia,
VA,Virginia,Southampton,
GA,Georgia,Heard,
MN,Minnesota,Beltrami,
IN,Indiana,Lawrence,
ID,Idaho,Elmore,
FL,Florida,Volusia,
NE,Nebraska,Douglas,
SC,South Carolina,York,
SC,South Carolina,Horry,
MS,Mississippi,Kemper,
DE,Delaware,Kent,
MO,Missouri,Pike,
NM,New Mexico,Hidalgo,
IA,Iowa,Marion,
MI,Michigan,Wayne,
KS,Kansas,Coffey,
NM,New Mexico,Hidalgo,
KS,Kansas,Sedgwick,
SC,South Carolina,Cherokee,
MN,Minnesota,Redwood,
MI,Michigan,Kalkaska,
IA,Iowa,Polk,
CA,California,Los Angeles,
MS,Mississippi,Jefferson Davis,
MS,Mississippi,Smith,
IL,Illinois,Effingham,
WI,Wisconsin,Dane,
CO,Colorado,Pueblo,
WA,Washington,Grays Harbor,
NE,Nebraska,Gage,
NH,New Hampshire,Rockingham,
NY,New York,Orange,
NY,New York,Suffolk,
NJ,New Jersey,Gloucester,
NY,New York,Cayuga,
UT,Utah,Salt Lake,
PA,Pennsylvania,Bucks,
WI,Wisconsin,Sawyer,
AR,Arkansas,Greene,
IL,Illinois,Sangamon,
KS,Kansas,Douglas,
WA,Washington,Spokane,
WI,Wisconsin,Columbia,Yes
WY,Wyoming,Campbell,
MN,Minnesota,Scott,
WY,Wyoming,Sheridan,
IA,Iowa,Polk,
WY,Wyoming,Campbell,
IA,Iowa,Cerro Gordo,
SD,South Dakota,Yankton,
KS,Kansas,Washington,
NC,North Carolina,Stokes,Yes
FL,Florida,Pasco,
FL,Florida,Osceola,
NY,New York,Richmond,
MS,Mississippi,Washington,
LA,Louisiana,St Charles,
OK,Oklahoma,Comanche,
TX,Texas,Hood,
WY,Wyoming,Sweetwater,Yes
CO,Colorado,Weld,
AZ,Arizona,Maricopa,
UT,Utah,Emery,Yes
OR,Oregon,Columbia,
CA,California,Santa Barbara,
HI,Hawaii,Hawaii,
OH,Ohio,Gallia,Yes
MN,Minnesota,Norman,
IA,Iowa,Cedar,
IA,Iowa,Delaware,
CO,Colorado,El Paso,Yes
ND,North Dakota,Mercer,Yes
AZ,Arizona,Apache,Yes
NV,Nevada,Humboldt,Yes
PA,Pennsylvania,Allegheny,Yes
NY,New York,Queens,
MA,Massachusetts,Middlesex,
WI,Wisconsin,Dane,
CO,Colorado,Jefferson,
FL,Florida,Duval,
NJ,New Jersey,Warren,
MN,Minnesota,Hennepin,
VA,Virginia,King William,Yes
FL,Florida,Lake,
NY,New York,Monroe,
CA,California,San Diego,
MA,Massachusetts,Essex,
DE,Delaware,Kent,
MI,Michigan,Wayne,
CA,California,Santa Clara,
CA,California,Tulare,
NJ,New Jersey,Gloucester,Yes
AR,Arkansas,Pulaski,
CA,California,Humboldt,
PA,Pennsylvania,Mercer,
NJ,New Jersey,WARREN,
FL,Florida,Miami Dade,
TX,Texas,Hutchinson,
CA,California,Los Angeles,
HI,Hawaii,Honolulu,
NJ,New Jersey,Salem,
NH,New Hampshire,Rockingham,
CA,California,Kern,
PA,Pennsylvania,Schuylkill,Yes
CA,California,San Diego,
PA,Pennsylvania,Dauphin,
NJ,New Jersey,Somerset,
NJ,New Jersey,Essex,
PA,Pennsylvania,Indiana,
PA,Pennsylvania,Cambria,Yes
CA,California,Placer,
MI,Michigan,Alpena,
WV,West Virginia,Marion,Yes
CA,California,Fresno,
TX,Texas,Calhoun,
CA,California,Los Angeles,
CA,California,San Diego,
MA,Massachusetts,Suffolk,
CO,Colorado,Denver,
TX,Texas,Travis,
FL,Florida,Polk,
NY,New York,Rensselaer,
HI,Hawaii,Honolulu,
MS,Mississippi,Yazoo,
FL,Florida,Nassau,Yes
CA,California,San Bernardino,
MI,Michigan,Delta,Yes
CA,California,Los Angeles,
UT,Utah,Salt Lake,
AL,Alabama,Monroe,
NJ,New Jersey,Union,
MS,Mississippi,Perry,
WI,Wisconsin,Wood,Yes
TX,Texas,Nueces,
OH,Ohio,Ross,
IN,Indiana,Porter,
FL,Florida,Bay,
TN,Tennessee,Sullivan,
TX,Texas,Chambers,
CA,California,Los Angeles,
FL,Florida,Polk,
NH,New Hampshire,Grafton,
CA,California,Monterey,
TX,Texas,Harris,
CA,California,Riverside,
LA,Louisiana,St James,
PA,Pennsylvania,Blair,
NY,New York,Dutchess,
MA,Massachusetts,Norfolk,
NJ,New Jersey,Middlesex,
LA,Louisiana,Ascension,
MI,Michigan,Ingham,
HI,Hawaii,Honolulu,
NM,New Mexico,Bernalillo,
CA,California,Contra Costa,
PA,Pennsylvania,Northumberland,Yes
MI,Michigan,Montmorency,
CA,California,Sutter,
CA,California,Sutter,
ME,Maine,Androscoggin,
ME,Maine,Aroostook,
WI,Wisconsin,Brown,Yes
GA,Georgia,Effingham,Yes
OK,Oklahoma,Muskogee,Yes
VA,Virginia,Hopewell City,Yes
NC,North Carolina,Brunswick,Yes
NC,North Carolina,Person,Yes
NC,North Carolina,Robeson,
CA,California,San Diego,
OH,Ohio,Cuyahoga,
CA,California,Fresno,
MA,Massachusetts,Worcester,
FL,Florida,Escambia,
MA,Massachusetts,Hampden,
TX,Texas,Brazoria,
TX,Texas,Orange,
GA,Georgia,Floyd,Yes
CA,California,San Bernardino,
MO,Missouri,St Louis City,
FL,Florida,Duval,
NJ,New Jersey,Camden,
TX,Texas,Harris,
CA,California,San Bernardino,
CA,California,San Bernardino,
NY,New York,Jefferson,
WI,Wisconsin,Wood,
CA,California,Los Angeles,
IN,Indiana,Lake,
WI,Wisconsin,Wood,Yes
MN,Minnesota,Koochiching,
LA,Louisiana,Beauregard,
ME,Maine,Oxford,Yes
CA,California,Kern,
NY,New York,Washington,
ID,Idaho,Twin Falls,Yes
NY,New York,Warren,
NY,New York,Rockland,
NC,North Carolina,Craven,
MI,Michigan,Clinton,
CA,California,Santa Clara,
NY,New York,Orange,
MA,Massachusetts,Worcester,
TX,Texas,Calhoun,
GA,Georgia,Wayne,
FL,Florida,Nassau,
NJ,New Jersey,Salem,Yes
CT,Connecticut,Hartford,
TX,Texas,Jefferson,
LA,Louisiana,Calcasieu,
PA,Pennsylvania,Cambria,Yes
GA,Georgia,Glynn,
AR,Arkansas,Ashley,
MS,Mississippi,Lawrence,
FL,Florida,Putnam,
LA,Louisiana,East Baton Rouge,
ME,Maine,Washington,
NY,New York,Lewis,
NY,New York,Allegany,
NY,New York,Jefferson,
NY,New York,Onondaga,
CA,California,Los Angeles,
AR,Arkansas,Jefferson,
MD,Maryland,Baltimore City,
VA,Virginia,Prince George,
PA,Pennsylvania,Cambria,Yes
NY,New York,Nassau,
NJ,New Jersey,Essex,
CT,Connecticut,New London,
CA,California,Kern,
CA,California,Kern,
CA,California,Shasta,
CA,California,Plumas,
OK,Oklahoma,Le Flore,Yes
HI,Hawaii,Honolulu,Yes
MD,Maryland,Allegany,Yes
CO,Colorado,Morgan,
CA,California,San Bernardino,Yes
MN,Minnesota,Itasca,Yes
LA,Louisiana,East Baton Rouge,
TX,Texas,Harris,
MD,Maryland,Somerset,
LA,Louisiana,West Feliciana,
MI,Michigan,Kalamazoo,
AL,Alabama,Choctaw,Yes
CA,California,San Diego,
NY,New York,Albany,
MA,Massachusetts,Hampden,
WV,West Virginia,Monongalia,Yes
MI,Michigan,Midland,
PA,Pennsylvania,Delaware,
CA,California,Monterey,
NJ,New Jersey,Camden,
CO,Colorado,Garfield,
NV,Nevada,Clark,
ME,Maine,Washington,
ME,Maine,Penobscot,
CA,California,Fresno,
VA,Virginia,Hopewell City,
CA,California,Placer,
VA,Virginia,Campbell,
VA,Virginia,Southampton,
CA,California,Ventura,
CA,California,Lassen,
MT,Montana,Rosebud,Yes
TX,Texas,Victoria,
NJ,New Jersey,Union,
MI,Michigan,Kent,
MI,Michigan,Crawford,
MA,Massachusetts,Suffolk,
CA,California,Yolo,
NH,New Hampshire,Sullivan,
NH,New Hampshire,Coos,
MN,Minnesota,Lake,Yes
IA,Iowa,Monroe,
IA,Iowa,Clinton,Yes
IA,Iowa,Polk,Yes
NE,Nebraska,Lancaster,Yes
MN,Minnesota,Blue Earth,Yes
IA,Iowa,Linn,Yes
IL,Illinois,Macon,Yes
IL,Illinois,Peoria,
IL,Illinois,Macon,
OR,Oregon,Jackson,
PA,Pennsylvania,Luzerne,
MA,Massachusetts,Suffolk,
CA,California,Los Angeles,
MA,Massachusetts,Berkshire,
CA,California,Kern,
NJ,New Jersey,Union,
TX,Texas,Nueces,
LA,Louisiana,Ouachita,
LA,Louisiana,Calcasieu,Yes
ME,Maine,Androscoggin,
MA,Massachusetts,Worcester,
TX,Texas,Harris,
CA,California,Humboldt,
ME,Maine,Penobscot,
TX,Texas,Harris,
CA,California,San Diego,
CA,California,Santa Cruz,
TX,Texas,Hutchinson,
FL,Florida,Palm Beach,
PA,Pennsylvania,Delaware,
MA,Massachusetts,Worcester,
IA,Iowa,Black Hawk,Yes
CA,California,San Francisco,
NJ,New Jersey,Mercer,
ID,Idaho,Adams,
TX,Texas,Jasper,
TX,Texas,Lamar,
CA,California,Shasta,
CA,California,Sierra,
CA,California,Plumas,
CA,California,Kern,
TX,Texas,Travis,
CA,California,Contra Costa,
TX,Texas,Nueces,
TX,Texas,Wichita,
CA,California,Kern,
NY,New York,Suffolk,
TX,Texas,Wharton,
TX,Texas,Harrison,
GA,Georgia,Chatham,Yes
TX,Texas,Calhoun,
LA,Louisiana,St Charles,
TX,Texas,Galveston,
CA,California,Kern,
MS,Mississippi,Lowndes,
WA,Washington,Grays Harbor,
WA,Washington,Cowlitz,Yes
NC,North Carolina,Craven,
NC,North Carolina,Martin,
OR,Oregon,Lane,
OK,Oklahoma,McCurtain,
CA,California,Orange,
GA,Georgia,RABUN,
NY,New York,Genesee,
NH,New Hampshire,Grafton,
PA,Pennsylvania,York,
CA,California,Los Angeles,
CA,California,Ventura,
ME,Maine,Cumberland,
TX,Texas,Harris,
ME,Maine,Waldo,
CA,California,San Bernardino,
IN,Indiana,Tippecanoe,Yes
TX,Texas,El Paso,
ME,Maine,Hancock,
NC,North Carolina,Haywood,Yes
FL,Florida,Escambia,
MI,Michigan,Dickinson,Yes
NC,North Carolina,Halifax,Yes
MI,Michigan,Wayne,
MA,Massachusetts,Hampden,
VA,Virginia,Chesterfield,
PA,Pennsylvania,Lackawanna,
MD,Maryland,Allegany,Yes
MA,Massachusetts,Plymouth,
NY,New York,Nassau,
CA,California,Colusa,
TN,Tennessee,Hardin,Yes
CA,California,San Joaquin,
TX,Texas,Harris,
MI,Michigan,Alpena,Yes
OK,Oklahoma,Cleveland,
AK,Alaska,Fairbanks North Star,Yes
FL,Florida,Escambia,
IN,Indiana,Adams,
IL,Illinois,DuPage,
WA,Washington,King,
RI,Rhode Island,Providence,
IN,Indiana,St Joseph,Yes
NY,New York,Tompkins,
PA,Pennsylvania,Dauphin,
NJ,New Jersey,Essex,
CA,California,Contra Costa,
LA,Louisiana,West Baton Rouge,
AK,Alaska,Fairbanks North Star,Yes
WI,Wisconsin,Wood,
OR,Oregon,Douglas,
PA,Pennsylvania,York,Yes
GA,Georgia,Chatham,
ME,Maine,Somerset,
AL,Alabama,Mobile,
PA,Pennsylvania,Delaware,Yes
NJ,New Jersey,Essex,
MN,Minnesota,Olmsted,
MN,Minnesota,St Louis,
NY,New York,Bronx,
MI,Michigan,Washtenaw,
ME,Maine,Cumberland,Yes
NY,New York,Wyoming,
NY,New York,Oswego,
NY,New York,Erie,
OH,Ohio,Hamilton,
NY,New York,Saratoga,
PA,Pennsylvania,Wyoming,
CA,California,Ventura,
GA,Georgia,Macon,
FL,Florida,Taylor,
NY,New York,Niagara,
FL,Florida,Hamilton,
TX,Texas,Nueces,
WI,Wisconsin,Lincoln,
VA,Virginia,Bedford,
TN,Tennessee,Sullivan,Yes
FL,Florida,Hendry,
LA,Louisiana,Calcasieu,
LA,Louisiana,Calcasieu,
LA,Louisiana,Calcasieu,
WV,West Virginia,Marshall,
CA,California,San Diego,
CA,California,Kern,
CA,California,Kern,
CA,California,Kern,
CT,Connecticut,Hartford,
CA,California,Los Angeles,
CA,California,San Mateo,
CA,California,Los Angeles,
WA,Washington,Jefferson,
NC,North Carolina,Halifax,
OK,Oklahoma,Oklahoma,
CA,California,Tuolumne,
NJ,New Jersey,Gloucester,
IL,Illinois,Kane,
CT,Connecticut,Litchfield,
NY,New York,Monroe,
IL,Illinois,St Clair,
NY,New York,Monroe,
TX,Texas,Denton,
TN,Tennessee,Anderson,
CA,California,Alameda,
FL,Florida,Broward,
IL,Illinois,Cook,
IL,Illinois,Cook,
WI,Wisconsin,Milwaukee,
WI,Wisconsin,Washington,
PA,Pennsylvania,Schuylkill,Yes
CA,California,Kern,
WI,Wisconsin,Marathon,Yes
RI,Rhode Island,Providence,
CA,California,Kern,
CA,California,Los Angeles,
TX,Texas,Jefferson,
LA,Louisiana,St Bernard,
NJ,New Jersey,Gloucester,
FL,Florida,Lake,
OR,Oregon,MARION,
CA,California,Stanislaus,
ID,Idaho,Nez Perce,
AR,Arkansas,Desha,
MN,Minnesota,Carlton,
IN,Indiana,Marion,
CT,Connecticut,Hartford,
NY,New York,Suffolk,
ME,Maine,Franklin,
NY,New York,Suffolk,
MD,Maryland,Montgomery,
VA,Virginia,Fairfax,
OK,Oklahoma,Tulsa,
MA,Massachusetts,Essex,
NY,New York,Onondaga,
VA,Virginia,Alexandria City,
FL,Florida,Pasco,
CA,California,Riverside,
CA,California,Orange,
CO,Colorado,Weld,
AK,Alaska,Fairbanks North Star,Yes
IL,Illinois,Tazewell,
IL,Illinois,DuPage,
PA,Pennsylvania,Allegheny,
PA,Pennsylvania,Allegheny,
IN,Indiana,Lake,
NH,New Hampshire,Carroll,
NY,New York,Oneida,
CA,California,Santa Clara,
CA,California,Fresno,
CA,California,Kern,
CA,California,Kern,
MI,Michigan,Missaukee,
MI,Michigan,Alcona,
FL,Florida,Liberty,
PA,Pennsylvania,Carbon,Yes
NJ,New Jersey,Middlesex,
FL,Florida,Duval,
GA,Georgia,Chatham,
SC,South Carolina,Florence,Yes
FL,Florida,Bay,Yes
LA,Louisiana,Jackson,
VA,Virginia,Hopewell City,Yes
TX,Texas,Harris,
CA,California,Contra Costa,
MI,Michigan,Manistee,Yes
CA,California,Los Angeles,
LA,Louisiana,St James,
CA,California,Alameda,
CA,California,San Bernardino,
CA,California,Ventura,
NJ,New Jersey,Bergen,
FL,Florida,Hillsborough,
PA,Pennsylvania,Lancaster,
MI,Michigan,Kent,
CA,California,Monterey,
NH,New Hampshire,Merrimack,
FL,Florida,Hillsborough,
MA,Massachusetts,Essex,
MA,Massachusetts,Worcester,
PA,Pennsylvania,Schuylkill,Yes
MA,Massachusetts,Essex,
CA,California,Shasta,
NY,New York,Westchester,
CT,Connecticut,Fairfield,
FL,Florida,Pinellas,
NJ,New Jersey,Gloucester,
WA,Washington,Spokane,
FL,Florida,Broward,
PA,Pennsylvania,Northampton,Yes
VA,Virginia,Covington City,Yes
IN,Indiana,Tippecanoe,
NM,New Mexico,Bernalillo,
NY,New York,Oswego,
MT,Montana,Yellowstone,
IA,Iowa,Polk,
WI,Wisconsin,Oneida,Yes
IN,Indiana,Tippecanoe,
WI,Wisconsin,Winnebago,
FL,Florida,Hardee,
UT,Utah,Carbon,Yes
MA,Massachusetts,Essex,
TN,Tennessee,McMinn,
NJ,New Jersey,Union,
CA,California,San Diego,
OH,Ohio,Lucas,
MO,Missouri,Boone,Yes
FL,Florida,Manatee,
TX,Texas,Jefferson,
PA,Pennsylvania,Venango,Yes
NY,New York,Onondaga,
CA,California,Solano,
WI,Wisconsin,Marathon,
VT,Vermont,Caledonia,
RI,Rhode Island,Providence,
NY,New York,Suffolk,
LA,Louisiana,Iberville,
FL,Florida,Lee,
VA,Virginia,Hanover,
IL,Illinois,Cook,
RI,Rhode Island,Providence,
MA,Massachusetts,Bristol,
LA,Louisiana,Plaquemines,
TN,Tennessee,Davidson,
VA,Virginia,Fairfax,
NY,New York,Nassau,
CT,Connecticut,Hartford,
VA,Virginia,Montgomery,
CA,California,Los Angeles,
CA,California,Kern,
CA,California,Kern,
CA,California,Kern,
CA,California,Kern,
CA,California,Kern,
CA,California,Fresno,
VA,Virginia,Chesapeake City,
TX,Texas,Galveston,
VA,Virginia,Giles,
NY,New York,Kings,
CA,California,Los Angeles,
CA,California,Orange,
CA,California,Kern,
PA,Pennsylvania,Philadelphia,
CA,California,Kern,
CA,California,Contra Costa,
TX,Texas,Brazoria,
TX,Texas,Yoakum,
WY,Wyoming,Park,
IN,Indiana,Lake,
TX,Texas,Galveston,
ND,North Dakota,Morton,
AL,Alabama,Autauga,
CA,California,San Diego,
VA,Virginia,Rockingham,
PA,Pennsylvania,Montgomery,
SC,South Carolina,Richland,
VA,Virginia,Isle of Wight,
NY,New York,Bronx,
CA,California,Kern,
LA,Louisiana,Calcasieu,
TX,Texas,Howard,
AK,Alaska,Kenai Peninsula,
CA,California,Sutter,
DE,Delaware,New Castle,
CA,California,SAN DIEGO,
GA,Georgia,Laurens,
CA,California,Los Angeles,
NY,New York,Rensselaer,
NY,New York,Niagara,
IL,Illinois,Cook,
RI,Rhode Island,Providence,
MI,Michigan,Wayne,
NY,New York,Cattaraugus,
VA,Virginia,Richmond City,Yes
ME,Maine,Franklin,
SC,South Carolina,Georgetown,Yes
LA,Louisiana,DeSoto,
AL,Alabama,Dallas,
TX,Texas,Cass,
WI,Wisconsin,Outagamie,Yes
NY,New York,Essex,
MS,Mississippi,Warren,
GA,Georgia,Early,Yes
AR,Arkansas,Little River,Yes
NY,New York,Queens,
NY,New York,Niagara,
NY,New York,Suffolk,
IA,Iowa,Story,Yes
OH,Ohio,Trumbull,
AL,Alabama,Talladega,
MN,Minnesota,Olmsted,
MA,Massachusetts,Suffolk,
MA,Massachusetts,Franklin,
CT,Connecticut,New London,
CA,California,San Joaquin,
GA,Georgia,Camden,
LA,Louisiana,Lincoln,
PA,Pennsylvania,Philadelphia,
MN,Minnesota,Olmsted,
WA,Washington,Skagit,
NV,Nevada,Clark,
NC,North Carolina,Orange,Yes
GA,Georgia,Liberty,
MN,Minnesota,Dakota,
CA,California,Los Angeles,
VA,Virginia,King George,Yes
AK,Alaska,Aleutians West,
WY,Wyoming,Sweetwater,Yes
TX,Texas,Jefferson,
GA,Georgia,Fulton,
RI,Rhode Island,Providence,
TX,Texas,Harris,
PA,Pennsylvania,Union,
OH,Ohio,Wayne,
TX,Texas,Hidalgo,
NV,Nevada,Clark,
NV,Nevada,Clark,
GA,Georgia,Richmond,Yes
TX,Texas,Wichita,
FL,Florida,Polk,
CO,Colorado,Boulder,
WY,Wyoming,Carbon,
GA,Georgia,Gwinnett,
NH,New Hampshire,Grafton,
CA,California,Kern,
IA,Iowa,Dubuque,
MI,Michigan,Wexford,
AK,Alaska,Aleutians West,
FL,Florida,Polk,
LA,Louisiana,Washington,
AL,Alabama,Monroe,
CA,California,Kern,
CA,California,Kern,
CA,California,Los Angeles,
GA,Georgia,Bibb,
FL,Florida,Orange,
WY,Wyoming,Sweetwater,
WA,Washington,Whatcom,
CA,California,Butte,
LA,Louisiana,St Bernard,
IL,Illinois,Kane,
NH,New Hampshire,Hillsborough,
CA,California,Tuolumne,
LA,Louisiana,East Baton Rouge,
TX,Texas,Tarrant,
IL,Illinois,Kane,
FL,Florida,Polk,
MN,Minnesota,Renville,Yes
MI,Michigan,Wayne,
WA,Washington,Whatcom,
MI,Michigan,Shiawassee,
IL,Illinois,McHenry,
NY,New York,Oswego,
MI,Michigan,Clinton,
AL,Alabama,Mobile,
IL,Illinois,Cook,Yes
WA,Washington,Cowlitz,
CA,California,Yolo,
NJ,New Jersey,Ocean,
NY,New York,Clinton,
MA,Massachusetts,Middlesex,
NY,New York,St Lawrence,
NY,New York,Genesee,
AZ,Arizona,Pinal,
MI,Michigan,Washtenaw,
CT,Connecticut,Hartford,
NC,North Carolina,Forsyth,Yes
MA,Massachusetts,Worcester,
FL,Florida,Miami Dade,
FL,Florida,Miami Dade,
PA,Pennsylvania,Montgomery,
CA,California,Kern,
FL,Florida,Palm Beach,
TX,Texas,El Paso,
CO,Colorado,Eagle,
PA,Pennsylvania,Schuylkill,Yes
TX,Texas,Jefferson,
PA,Pennsylvania,Elk,
NJ,New Jersey,Ocean,
HI,Hawaii,Honolulu,
NC,North Carolina,Columbus,
WI,Wisconsin,Kenosha,
IL,Illinois,Kane,
NH,New Hampshire,Strafford,
NM,New Mexico,Grant,
SC,South Carolina,Spartanburg,
TX,Texas,Brazoria,
ID,Idaho,Canyon,
PA,Pennsylvania,York,
AZ,Arizona,Yuma,
IA,Iowa,Polk,
IA,Iowa,Dubuque,
IA,Iowa,Allamakee,
IA,Iowa,Linn,
IA,Iowa,Marshall,
IA,Iowa,Linn,
IA,Iowa,Linn,
IA,Iowa,Howard,
IA,Iowa,Linn,
VA,Virginia,Fairfax,
AL,Alabama,MOBILE,
IN,Indiana,Hendricks,
IA,Iowa,Dubuque,
PA,Pennsylvania,Bucks,
TX,Texas,Jefferson,
CA,California,San Diego,
MI,Michigan,Genesee,
AL,Alabama,Wilcox,Yes
MI,Michigan,Ottawa,
MI,Michigan,Genesee,
CT,Connecticut,New London,
OR,Oregon,Umatilla,
AL,Alabama,Marengo,
VA,Virginia,Dinwiddie,
CA,California,Kern,
NY,New York,Kings,
IA,Iowa,Johnson,Yes
IL,Illinois,Champaign,Yes
VA,Virginia,Suffolk City,
NY,New York,Seneca,
PA,Pennsylvania,Philadelphia,
AL,Alabama,Escambia,
IL,Illinois,Kankakee,
MD,Maryland,Baltimore City,
CA,California,Fresno,
AL,Alabama,Russell,
MA,Massachusetts,Worcester,
NY,New York,New York,
WA,Washington,King,
TX,Texas,Johnson,
NC,North Carolina,Bladen,
NJ,New Jersey,Middlesex,
GA,Georgia,DeKalb,
MD,Maryland,Prince Georges,
AK,Alaska,Southeast Fairbanks,
WI,Wisconsin,Outagamie,
VA,Virginia,Louisa,
GA,Georgia,Fulton,
KY,Kentucky,Taylor,
WI,Wisconsin,Milwaukee,
NV,Nevada,Clark,
IL,Illinois,Cook,
MO,Missouri,St Louis City,
NY,New York,Otsego,
MI,Michigan,Alger,Yes
IL,Illinois,Cook,
NC,North Carolina,Pitt,
MI,Michigan,Saginaw,
MI,Michigan,Lenawee,
MA,Massachusetts,Middlesex,
ND,North Dakota,Ransom,
MI,Michigan,Genesee,
CA,California,Contra Costa,
NY,New York,Kings,
MI,Michigan,Mason,
MS,Mississippi,Warren,
IN,Indiana,Hendricks,
IN,Indiana,St Joseph,
LA,Louisiana,Jefferson,
IA,Iowa,Linn,
IL,Illinois,Winnebago,
PA,Pennsylvania,Lackawanna,
CA,California,San Diego,
MA,Massachusetts,Norfolk,
MN,Minnesota,Dakota,
CT,Connecticut,Hartford,
OR,Oregon,Lane,
CA,California,Monterey,
IN,Indiana,LaPorte,
MI,Michigan,St Clair,
IA,Iowa,Linn,
IA,Iowa,Wright,
OH,Ohio,Fulton,
NM,New Mexico,Dona Ana,
NJ,New Jersey,Ocean,
NC,North Carolina,Forsyth,
AL,Alabama,Houston,
MI,Michigan,Macomb,
VA,Virginia,Portsmouth City,
NH,New Hampshire,Hillsborough,
MN,Minnesota,Washington,
WI,Wisconsin,Jefferson,
IL,Illinois,DuPage,
TX,Texas,Brazoria,
TX,Texas,Pecos,
MA,Massachusetts,Bristol,
NE,Nebraska,Sarpy,
WI,Wisconsin,Brown,
ME,Maine,Franklin,
NE,Nebraska,Douglas,
IA,Iowa,Scott,
TN,Tennessee,Knox,
TN,Tennessee,Davidson,
NM,New Mexico,Bernalillo,
GA,Georgia,Houston,
MA,Massachusetts,Hampden,
CT,Connecticut,Fairfield,
SC,South Carolina,Cherokee,
AL,Alabama,Clarke,
TX,Texas,Harris,
RI,Rhode Island,Newport,
LA,Louisiana,Iberville,
TX,Texas,Coke,
TX,Texas,Wise,
IL,Illinois,Livingston,
GA,Georgia,Heard,
TX,Texas,Grimes,
MS,Mississippi,Panola,
TX,Texas,Hutchinson,
TX,Texas,Yoakum,
ME,Maine,Penobscot,
PA,Pennsylvania,Erie,
AR,Arkansas,Jefferson,
MS,Mississippi,Choctaw,Yes
NV,Nevada,Clark,
MA,Massachusetts,Worcester,
TN,Tennessee,Haywood,
CA,California,Contra Costa,
TX,Texas,San Patricio,
MI,Michigan,Ottawa,
MI,Michigan,Wayne,
LA,Louisiana,St Charles,
ID,Idaho,Benewah,
TX,Texas,Ellis,
MA,Massachusetts,Bristol,
CA,California,San Diego,
IN,Indiana,Porter,
TX,Texas,Lamar,
LA,Louisiana,Ouachita,
ME,Maine,Oxford,
MI,Michigan,Kalamazoo,
MI,Michigan,Otsego,
OR,Oregon,Klamath,
TX,Texas,Orange,
RI,Rhode Island,Providence,
IL,Illinois,Kane,
OH,Ohio,Butler,
IN,Indiana,Vermillion,
CA,California,Sutter,
NC,North Carolina,Rockingham,
LA,Louisiana,Calcasieu,
TX,Texas,Orange,
TX,Texas,Jefferson,
TX,Texas,Hidalgo,
AZ,Arizona,Mohave,
CT,Connecticut,New Haven,
CO,Colorado,Morgan,
GA,Georgia,Walton,
AZ,Arizona,Pinal,
IL,Illinois,Kendall,
TX,Texas,Rusk,
MN,Minnesota,Dakota,
WI,Wisconsin,Winnebago,
TX,Texas,Guadalupe,
AL,Alabama,LEE,
TX,Texas,Hood,
GA,Georgia,Heard,
TX,Texas,Hays,
OK,Oklahoma,Tulsa,
IN,Indiana,Greene,
CT,Connecticut,Windham,
CA,California,Kern,
TX,Texas,Guadalupe,
TX,Texas,Bastrop,
NY,New York,Albany,
VA,Virginia,Prince William,
CA,California,Tulare,
CA,California,Los Angeles,
KY,Kentucky,Oldham,
LA,Louisiana,Calcasieu,
SC,South Carolina,Cherokee,
TX,Texas,Bastrop,
NH,New Hampshire,Rockingham,
TX,Texas,Bosque,
LA,Louisiana,Acadia,
TX,Texas,Harrison,
AZ,Arizona,Mohave,
MO,Missouri,Cass,
ID,Idaho,Kootenai,
CA,California,Kern,
IL,Illinois,Lee,
CA,California,Monterey,
TX,Texas,Harris,
IL,Illinois,Rock Island,
PA,Pennsylvania,Berks,
PA,Pennsylvania,Allegheny,
MS,Mississippi,Lowndes,
KY,Kentucky,Lawrence,
IL,Illinois,Will,
CO,Colorado,Denver,
IL,Illinois,Ford,
IL,Illinois,Perry,
IL,Illinois,Marion,
TX,Texas,Nueces,
NM,New Mexico,Dona Ana,
MA,Massachusetts,Norfolk,
MA,Massachusetts,Worcester,
TX,Texas,Ector,
IL,Illinois,Grundy,
CA,California,Contra Costa,
MS,Mississippi,Hinds,
MS,Mississippi,Attala,
AR,Arkansas,Pulaski,
IL,Illinois,Will,
TX,Texas,Ellis,
IN,Indiana,Knox,
OK,Oklahoma,Wagoner,
TX,Texas,Freestone,
OH,Ohio,Darke,
IN,Indiana,Wells,
TX,Texas,Wise,
PA,Pennsylvania,Delaware,
KY,Kentucky,Marshall,
PA,Pennsylvania,Venango,
MO,Missouri,Audrain,
IL,Illinois,Lee,
IL,Illinois,Shelby,
IL,Illinois,Winnebago,
NJ,New Jersey,Middlesex,
AL,Alabama,Mobile,
FL,Florida,Santa Rosa,
NY,New York,Queens,
GA,Georgia,Walton,
IL,Illinois,Douglas,
OH,Ohio,Pickaway,
IL,Illinois,Will,
TN,Tennessee,Weakley,
IL,Illinois,Will,
IN,Indiana,Lake,
OH,Ohio,Wood,
OH,Ohio,Crawford,
OH,Ohio,Henry,
GA,Georgia,Upson,
MS,Mississippi,Desoto,
MI,Michigan,Jackson,
AL,Alabama,Autauga,
GA,Georgia,Fulton,
WV,West Virginia,Wayne,
WY,Wyoming,Fremont,
IL,Illinois,DuPage,
IL,Illinois,Cook,
AZ,Arizona,Maricopa,
CO,Colorado,El Paso,
WV,West Virginia,Wayne,
VA,Virginia,Washington,
FL,Florida,Brevard,
AL,Alabama,Morgan,
AL,Alabama,Morgan,
ME,Maine,Cumberland,
CA,California,Riverside,
IL,Illinois,Cook,
MI,Michigan,Van Buren,
PA,Pennsylvania,Bucks,
TX,Texas,Harris,
GA,Georgia,Mitchell,
AZ,Arizona,Maricopa,
KY,Kentucky,Marshall,
TX,Texas,Jefferson,
TX,Texas,Brazoria,
TX,Texas,San Patricio,
MA,Massachusetts,Norfolk,
TX,Texas,Wise,
NV,Nevada,Clark,
TX,Texas,Chambers,
OR,Oregon,Umatilla,
GA,Georgia,Washington,
CA,California,Contra Costa,
IL,Illinois,Shelby,
PA,Pennsylvania,Lebanon,
AR,Arkansas,Mississippi,
NM,New Mexico,Luna,
CA,California,San Diego,
PA,Pennsylvania,Armstrong,
OH,Ohio,Wood,
WV,West Virginia,Pleasants,
OH,Ohio,Muskingum,
TX,Texas,Fort Bend,
TX,Texas,Newton,
IN,Indiana,Vigo,
TX,Texas,Harris,
HI,Hawaii,Hawaii,
NY,New York,Queens,
PA,Pennsylvania,FAYETTE,
AR,Arkansas,Union,
VA,Virginia,Accomack,
GA,Georgia,Murray,
SC,South Carolina,Calhoun,
TX,Texas,Dallas,
WI,Wisconsin,Dane,
IL,Illinois,Lake,
CA,California,Santa Clara,
MS,Mississippi,Coahoma,
OH,Ohio,Washington,
CA,California,Kern,
OH,Ohio,Vinton,
MI,Michigan,Montcalm,
LA,Louisiana,Iberville,
NY,New York,Greene,
GA,Georgia,Effingham,
AL,Alabama,Calhoun,
AL,Alabama,Tallapoosa,
FL,Florida,Polk,
FL,Florida,Pasco,
FL,Florida,Hardee,
IL,Illinois,Clay,
AR,Arkansas,Hot Spring,
LA,Louisiana,Iberville,
KY,Kentucky,Hancock,
LA,Louisiana,Acadia,
IL,Illinois,Kane,
VA,Virginia,Fluvanna,
AL,Alabama,Autauga,
MO,Missouri,Boone,
MS,Mississippi,Benton,
CO,Colorado,El Paso,
AZ,Arizona,Maricopa,
OK,Oklahoma,McClain,
OK,Oklahoma,Oklahoma,
TX,Texas,Harris,
LA,Louisiana,Ouachita,
TX,Texas,Galveston,
WY,Wyoming,Campbell,
SD,South Dakota,Pennington,
WY,Wyoming,Campbell,Yes
TX,Texas,Kaufman,
AZ,Arizona,Maricopa,
WA,Washington,Klickitat,
NC,North Carolina,Catawba,
IL,Illinois,Piatt,
CA,California,Solano,
OK,Oklahoma,Pittsburg,
IN,Indiana,Dearborn,
OH,Ohio,Washington,
CO,Colorado,Lincoln,
CO,Colorado,Adams,
CA,California,Fresno,
CA,California,San Diego,
CA,California,San Diego,
CA,California,San Diego,
NV,Nevada,Clark,
PA,Pennsylvania,Fayette,
CT,Connecticut,New Haven,
CA,California,San Bernardino,
AZ,Arizona,Pinal,
PA,Pennsylvania,York,
WI,Wisconsin,Milwaukee,
NC,North Carolina,Burke,
CA,California,San Diego,
CA,California,San Diego,
CA,California,Riverside,
CA,California,San Diego,
OR,Oregon,Klamath,
TX,Texas,Montgomery,
WI,Wisconsin,Outagamie,
MA,Massachusetts,Bristol,
MI,Michigan,Washtenaw,
MI,Michigan,Calhoun,
NC,North Carolina,Cabarrus,
CA,California,Orange,
CA,California,San Diego,
CA,California,Santa Barbara,
NJ,New Jersey,Monmouth,
LA,Louisiana,Ouachita,
UT,Utah,Salt Lake,
CA,California,Solano,
CA,California,Solano,
CA,California,Solano,
IL,Illinois,Will,
WI,Wisconsin,Rock,
CO,Colorado,Adams,
CO,Colorado,Jefferson,
OK,Oklahoma,Logan,
PA,Pennsylvania,Franklin,
OK,Oklahoma,Caddo,
CA,California,Kern,
NH,New Hampshire,Rockingham,
WA,Washington,Lewis,
TX,Texas,Harrison,
PA,Pennsylvania,Northampton,
GA,Georgia,Washington,
NV,Nevada,Clark,
PA,Pennsylvania,Northampton,
MS,Mississippi,Choctaw,
CA,California,Kings,
NY,New York,Queens,
WA,Washington,Cowlitz,
OH,Ohio,Sandusky,
MS,Mississippi,Choctaw,
TX,Texas,Nacogdoches,
PA,Pennsylvania,Allegheny,
AR,Arkansas,Hot Spring,
MI,Michigan,St Clair,
ID,Idaho,Elmore,
OH,Ohio,Lawrence,
VA,Virginia,Buchanan,
CA,California,Santa Clara,
MT,Montana,Big Horn,Yes
CA,California,Sonoma,
CA,California,Sonoma,
NY,New York,Niagara,
PA,Pennsylvania,Northampton,
CA,California,Sacramento,
WI,Wisconsin,Dane,
IL,Illinois,Lake,
NY,New York,Suffolk,
NY,New York,Suffolk,
MI,Michigan,Allegan,
PA,Pennsylvania,Delaware,
NM,New Mexico,Valencia,
CA,California,Kings,
CA,California,Santa Clara,
CA,California,Monterey,
CA,California,Sutter,
WA,Washington,Pierce,
FL,Florida,Orange,
MN,Minnesota,Ramsey,
CO,Colorado,Weld,
WI,Wisconsin,Outagamie,
NV,Nevada,Clark,
CA,California,Sutter,
CA,California,Solano,
CA,California,Riverside,
CA,California,Solano,
IL,Illinois,St Clair,Yes
LA,Louisiana,Plaquemines,
WI,Wisconsin,Portage,
MT,Montana,Silver Bow,
CA,California,Sonoma,
WA,Washington,Grays Harbor,
MD,Maryland,Montgomery,
WI,Wisconsin,Manitowoc,
SC,South Carolina,Jasper,
TN,Tennessee,Warren,
CA,California,San Joaquin,
CA,California,San Bernardino,
CA,California,San Bernardino,
IL,Illinois,Winnebago,
NJ,New Jersey,Ocean,
VA,Virginia,Warren,
CA,California,San Bernardino,
VA,Virginia,Southampton,
VA,Virginia,Southampton,
CA,California,Contra Costa,
MD,Maryland,Prince Georges,
GA,Georgia,Heard,
AK,Alaska,Kenai Peninsula,
NY,New York,SUFFOLK,
CA,California,Sacramento,
NE,Nebraska,Cass,
PA,Pennsylvania,Adams,
NM,New Mexico,San Juan,
CA,California,San Diego,
OK,Oklahoma,Payne,
OH,Ohio,Ashtabula,
IA,Iowa,Linn,
PA,Pennsylvania,Franklin,
VA,Virginia,Rockingham,
VA,Virginia,Rockingham,
IA,Iowa,Audubon,
GA,Georgia,Decatur,
WA,Washington,Whitman,
AL,Alabama,Talladega,
IA,Iowa,Tama,
CA,California,Santa Clara,
WI,Wisconsin,Outagamie,
NY,New York,Nassau,
NC,North Carolina,WILSON,
CA,California,Alameda,
MD,Maryland,Prince Georges,
CA,California,Los Angeles,
CA,California,Los Angeles,
CA,California,Los Angeles,
CT,Connecticut,New Haven,
CA,California,Los Angeles,
IL,Illinois,Clark,
HI,Hawaii,Maui,
NC,North Carolina,Guilford,
NC,North Carolina,Iredell,
NC,North Carolina,Cleveland,
NC,North Carolina,Burke,
NC,North Carolina,Davidson,
WI,Wisconsin,Milwaukee,Yes
WI,Wisconsin,Green Lake,
WI,Wisconsin,Dane,
IA,Iowa,Linn,
IA,Iowa,Linn,
AL,Alabama,Jefferson,
CA,California,Stanislaus,
AR,Arkansas,Arkansas,
CA,California,Santa Clara,
CA,California,Orange,
ND,North Dakota,Traill,
MN,Minnesota,Winona,
UT,Utah,Juab,
MN,Minnesota,Blue Earth,
LA,Louisiana,Lafayette,
TX,Texas,Bexar,
IL,Illinois,Clay,
IL,Illinois,Clay,
IL,Illinois,Clay,
NJ,New Jersey,MIDDLESEX,
SC,South Carolina,Lee,
SC,South Carolina,Anderson,
SC,South Carolina,Richland,
MO,Missouri,Macon,
SC,South Carolina,York,
SC,South Carolina,Oconee,
SC,South Carolina,Abbeville,
CA,California,San Joaquin,
CA,California,San Joaquin,
IA,Iowa,Polk,
LA,Louisiana,St Mary,
NY,New York,Queens,
CA,California,Riverside,
CA,California,Riverside,
AK,Alaska,Prince of Wales-Hyder,
SD,South Dakota,Stanley,
GA,Georgia,Effingham,
MO,Missouri,Cass,
TX,Texas,Brazoria,
UT,Utah,Salt Lake,
MN,Minnesota,Rice,
WI,Wisconsin,Sheboygan,
UT,Utah,Utah,
OH,Ohio,Ottawa,
CA,California,Tehama,
CA,California,Madera,
NY,New York,Suffolk,
CT,Connecticut,Fairfield,
MI,Michigan,Isabella,
OR,Oregon,Clatsop,
IA,Iowa,Grundy,
NY,New York,Queens,
NV,Nevada,Eureka,Yes
OR,Oregon,Columbia,
AZ,Arizona,Pima,
GA,Georgia,DeKalb,
CA,California,San Diego,
TX,Texas,Scurry,
NY,New York,Suffolk,
UT,Utah,Utah,
SD,South Dakota,Brown,
CA,California,Fresno,
MN,Minnesota,Goodhue,
ND,North Dakota,Cass,
SD,South Dakota,Grant,
MN,Minnesota,Stevens,
MN,Minnesota,Dakota,
LA,Louisiana,Ascension,
NC,North Carolina,Anson,
NY,New York,Ontario,
UT,Utah,Washington,
HI,Hawaii,Kauai,
NY,New York,Rensselaer,
NC,North Carolina,Guilford,
NC,North Carolina,Davidson,
NC,North Carolina,Gaston,
NC,North Carolina,Stanly,
WI,Wisconsin,Washington,
MN,Minnesota,Olmsted,
SD,South Dakota,Grant,
KY,Kentucky,Boone,
KY,Kentucky,Greenup,
KY,Kentucky,Laurel,
KY,Kentucky,Hardin,
LA,Louisiana,Lafayette,
CA,California,San Luis Obispo,
VA,Virginia,Salem City,
VA,Virginia,Salem City,
NC,North Carolina,Richmond,
CA,California,Placer,
MO,Missouri,St Louis,
WY,Wyoming,Lincoln,
WY,Wyoming,Campbell,Yes
NY,New York,Niagara,
NY,New York,Albany,
AK,Alaska,Southeast Fairbanks,
TX,Texas,Yoakum,
KY,Kentucky,Pendleton,
AR,Arkansas,Washington,
HI,Hawaii,Honolulu,
NC,North Carolina,Stanly,
NC,North Carolina,Gaston,
NC,North Carolina,Lincoln,
NC,North Carolina,Catawba,
NC,North Carolina,Union,
NC,North Carolina,Burke,
NC,North Carolina,Mecklenburg,
CA,California,San Bernardino,
OK,Oklahoma,Harper,
TX,Texas,Ector,
TX,Texas,Wharton,
CA,California,Riverside,
VA,Virginia,Danville City,
VA,Virginia,Culpeper,
VA,Virginia,Prince William,
TX,Texas,Travis,
PA,Pennsylvania,Luzerne,
FL,Florida,St Lucie,
MO,Missouri,Greene,
NV,Nevada,Clark,
WA,Washington,Skagit,
FL,Florida,Palm Beach,
IL,Illinois,Will,
OH,Ohio,Franklin,
OH,Ohio,Franklin,
OH,Ohio,Franklin,
MA,Massachusetts,Hampden,
WI,Wisconsin,Rock,
CA,California,Santa Cruz,
DE,Delaware,Sussex,
DE,Delaware,Kent,
CO,Colorado,Weld,
AR,Arkansas,Mississippi,Yes
NM,New Mexico,Lea,
OR,Oregon,Jackson,
IL,Illinois,Kane,
IN,Indiana,Cass,
IN,Indiana,Jay,
IN,Indiana,White,
CA,California,Alameda,
CA,California,Siskiyou,
CA,California,Ventura,
CA,California,San Bernardino,
CA,California,San Bernardino,
CA,California,Orange,
CA,California,LOS ANGELES,
CA,California,Contra Costa,
MO,Missouri,Audrain,
WI,Wisconsin,Wood,
AZ,Arizona,Mohave,
AR,Arkansas,Washington,
KS,Kansas,Ellis,
NV,Nevada,Storey,
KS,Kansas,Lyon,
MI,Michigan,Ottawa,
MI,Michigan,Ottawa,
AR,Arkansas,Craighead,
UT,Utah,Salt Lake,
PA,Pennsylvania,Lancaster,
NJ,New Jersey,Camden,
PA,Pennsylvania,Lebanon,
PA,Pennsylvania,Montgomery,
CO,Colorado,Jefferson,
IA,Iowa,Pocahontas,
FL,Florida,Alachua,
VA,Virginia,Salem City,
WI,Wisconsin,Jefferson,
IA,Iowa,Winnebago,
FL,Florida,Jackson,
AR,Arkansas,Pulaski,
TX,Texas,Travis,
WI,Wisconsin,Rusk,
NY,New York,Erie,
MA,Massachusetts,Worcester,
TX,Texas,Dallas,
IL,Illinois,Christian,
CO,Colorado,Arapahoe,
VA,Virginia,Hampton City,
CA,California,Colusa,
SC,South Carolina,Oconee,
NC,North Carolina,Mecklenburg,
NC,North Carolina,Rutherford,
NC,North Carolina,Burke,
NC,North Carolina,Caldwell,
NC,North Carolina,Mecklenburg,
NC,North Carolina,Rowan,
NC,North Carolina,Iredell,
NC,North Carolina,Burke,
UT,Utah,Salt Lake,
KY,Kentucky,McCracken,
AR,Arkansas,Hempstead,Yes
CA,California,Imperial,
PA,Pennsylvania,Northampton,
WY,Wyoming,Campbell,Yes
MO,Missouri,St Francois,
MO,Missouri,St Francois,
MO,Missouri,St Francois,
TX,Texas,San Jacinto,
TX,Texas,Hardin,
MT,Montana,Roosevelt,
WY,Wyoming,Campbell,Yes
SD,South Dakota,Brookings,
TX,Texas,McLennan,Yes
AZ,Arizona,Navajo,
CT,Connecticut,New Haven,
CA,California,Fresno,
MN,Minnesota,Ramsey,
MD,Maryland,Montgomery,
WV,West Virginia,Monongalia,Yes
TX,Texas,Fayette,
MD,Maryland,Wicomico,
VA,Virginia,Amelia,
VA,Virginia,Brunswick,
VA,Virginia,Charles City,
VA,Virginia,Chesterfield,
VA,Virginia,King and Queen,
PA,Pennsylvania,Franklin,
NC,North Carolina,Craven,
PA,Pennsylvania,Schuylkill,
VA,Virginia,Goochland,
VA,Virginia,Virginia Beach City,
NJ,New Jersey,Bergen,
CA,California,Madera,
CA,California,Merced,
TX,Texas,Calhoun,
OR,Oregon,Linn,
VA,Virginia,Montgomery,Yes
ND,North Dakota,Stutsman,Yes
LA,Louisiana,Ascension,
CT,Connecticut,Middlesex,
FL,Florida,Duval,
CA,California,Fresno,
TX,Texas,Chambers,
VA,Virginia,Buckingham,
VA,Virginia,Wise,Yes
MD,Maryland,Charles,
CT,Connecticut,Windham,
OH,Ohio,Scioto,
PA,Pennsylvania,Lancaster,
MI,Michigan,KENT,
MI,Michigan,BAY,
UT,Utah,Salt Lake,
TX,Texas,Bexar,
OH,Ohio,Ottawa,
OH,Ohio,Mahoning,
OH,Ohio,Lorain,
GA,Georgia,Taylor,
IL,Illinois,Lake,
PA,Pennsylvania,Chester,
NJ,New Jersey,Cumberland,
PA,Pennsylvania,Cumberland,
PA,Pennsylvania,Bradford,
VT,Vermont,Washington,
VA,Virginia,Stafford,
CA,California,San Mateo,
MO,Missouri,Cole,
CA,California,Contra Costa,
CA,California,Los Angeles,
MT,Montana,Deer Lodge,
PA,Pennsylvania,Schuylkill,
CA,California,San Diego,
CT,Connecticut,Fairfield,
NY,New York,Orange,
AZ,Arizona,Pinal,
SC,South Carolina,Greenville,
NC,North Carolina,Gaston,
PA,Pennsylvania,Berks,
NY,New York,Jefferson,
NC,North Carolina,Iredell,
NJ,New Jersey,Gloucester,
NJ,New Jersey,Hudson,
NY,New York,Clinton,
NY,New York,Allegany,
CO,Colorado,Pueblo,
CA,California,San Diego,
NY,New York,Fulton,
PA,Pennsylvania,Washington,
OR,Oregon,Gilliam,
ME,Maine,Somerset,
MN,Minnesota,McLeod,
VA,Virginia,Middlesex,
OR,Oregon,Yamhill,
TX,Texas,Parker,
NY,New York,Madison,
VA,Virginia,King George,
KS,Kansas,Shawnee,
MI,Michigan,Clare,
AR,Arkansas,Washington,
GA,Georgia,Chatham,
CA,California,Orange,
ID,Idaho,Payette,
NC,North Carolina,Cleveland,
SC,South Carolina,Spartanburg,
MN,Minnesota,Kandiyohi,
MN,Minnesota,Kandiyohi,
AK,Alaska,Anchorage,
MS,Mississippi,Kemper,
CA,California,Alameda,
CA,California,San Francisco,
NE,Nebraska,Platte,Yes
AK,Alaska,Northwest Arctic,
AK,Alaska,Nome,
AK,Alaska,Wade Hampton,
AK,Alaska,Bethel,
AK,Alaska,Nome,
AK,Alaska,Wade Hampton,
AK,Alaska,Bethel,
AK,Alaska,Wade Hampton,
AK,Alaska,Nome,
AK,Alaska,Nome,
AK,Alaska,Nome,
AK,Alaska,Northwest Arctic,
AK,Alaska,Wade Hampton,
AK,Alaska,Northwest Arctic,
AK,Alaska,Bethel,
AK,Alaska,Bethel,
CT,Connecticut,New Haven,
TX,Texas,Denton,
IL,Illinois,Madison,
CA,California,San Bernardino,
CA,California,San Bernardino,
CA,California,San Bernardino,
GA,Georgia,Muscogee,
WA,Washington,Pierce,
MN,Minnesota,Scott,
CA,California,Orange,
FL,Florida,Duval,
FL,Florida,Marion,
CA,California,Yuba,
SC,South Carolina,Aiken,
CA,California,Los Angeles,
TX,Texas,Denton,
NV,Nevada,Washoe,
TX,Texas,Comal,
FL,Florida,Collier,
NC,North Carolina,Forsyth,
OH,Ohio,Perry,
OH,Ohio,Williams,
CT,Connecticut,Hartford,
PA,Pennsylvania,Northampton,
NY,New York,Chautauqua,
NC,North Carolina,Guilford,
AK,Alaska,Kenai Peninsula,
MN,Minnesota,Dakota,
MN,Minnesota,Dakota,
FL,Florida,Alachua,
OH,Ohio,Erie,
IN,Indiana,Elkhart,
CA,California,Contra Costa,
MN,Minnesota,Rice,
TX,Texas,Chambers,
ID,Idaho,Gooding,
ID,Idaho,JEFFERSON,
NV,Nevada,Clark,
DE,Delaware,Kent,
VA,Virginia,Henrico,
NC,North Carolina,Durham,
NC,North Carolina,Wayne,
ID,Idaho,Gooding,
AZ,Arizona,Maricopa,
NY,New York,Oneida,
MI,Michigan,Oakland,
IL,Illinois,Will,
MS,Mississippi,Chickasaw,
TN,Tennessee,Benton,
OH,Ohio,Ashtabula,
OH,Ohio,Mahoning,
ID,Idaho,Jerome,
OH,Ohio,Logan,
NC,North Carolina,Davidson,
MI,Michigan,Macomb,
OR,Oregon,Lane,
CA,California,Los Angeles,
PA,Pennsylvania,Franklin,
AL,Alabama,Hale,
CA,California,Riverside,
CA,California,Alameda,
KS,Kansas,Crawford,
NC,North Carolina,Sampson,
FL,Florida,Escambia,
TX,Texas,Harris,
NC,North Carolina,Union,
CA,California,Los Angeles,
CA,California,San Bernardino,
CA,California,San Diego,
CA,California,Santa Clara,
CA,California,Fresno,
CA,California,Contra Costa,
CA,California,El Dorado,
PA,Pennsylvania,Lycoming,
PA,Pennsylvania,Lycoming,
CA,California,San Diego,
CA,California,Ventura,
OK,Oklahoma,Canadian,
CT,Connecticut,New London,
CT,Connecticut,New London,
NY,New York,Suffolk,
CT,Connecticut,New London,
CT,Connecticut,New London,
CT,Connecticut,New London,
CT,Connecticut,New London,
CT,Connecticut,New London,
NC,North Carolina,Guilford,
NC,North Carolina,Guilford,
NC,North Carolina,Davidson,
CT,Connecticut,New London,
IN,Indiana,Jasper,
NC,North Carolina,Gaston,
NC,North Carolina,Gaston,
OR,Oregon,Benton,
CT,Connecticut,New London,
IA,Iowa,Johnson,
CT,Connecticut,Fairfield,
CA,California,Alameda,
CA,California,Los Angeles,
WY,Wyoming,Laramie,
MI,Michigan,St Clair,
CA,California,Santa Clara,
CA,California,San Diego,
CA,California,San Diego,
VA,Virginia,Frederick,
CA,California,San Diego,
CA,California,Butte,
DC,District of Columbia,District of Columbia,
NY,New York,New York,
CA,California,Sonoma,
IN,Indiana,St Joseph,
NY,New York,New York,
VT,Vermont,Addison,
CA,California,Napa,
CA,California,Santa Clara,
CA,California,San Mateo,
CA,California,Santa Clara,
OH,Ohio,Butler,
WI,Wisconsin,La Crosse,
OK,Oklahoma,Osage,
AZ,Arizona,Maricopa,
NJ,New Jersey,Middlesex,
IN,Indiana,Vigo,
NJ,New Jersey,Salem,
NJ,New Jersey,Atlantic,
NJ,New Jersey,Sussex,
NJ,New Jersey,Burlington,
TX,Texas,Hale,
NM,New Mexico,Lea,
CA,California,Santa Cruz,
ND,North Dakota,Williams,
LA,Louisiana,Calcasieu,
SC,South Carolina,Spartanburg,
SC,South Carolina,Union,
VA,Virginia,Henry,
NC,North Carolina,Cabarrus,
VA,Virginia,Henrico,
FL,Florida,Palm Beach,
UT,Utah,Washington,
ID,Idaho,Kootenai,
MN,Minnesota,Kanabec,
OH,Ohio,Hamilton,
GA,Georgia,Lamar,
MN,Minnesota,Clay,
OR,Oregon,Douglas,
MT,Montana,Richland,Yes
WY,Wyoming,Sweetwater,Yes
CA,California,Imperial,
SC,South Carolina,Darlington,
IL,Illinois,Jackson,Yes
OH,Ohio,Hamilton,
NE,Nebraska,Scotts Bluff,Yes
OH,Ohio,Butler,Yes
ND,North Dakota,McKenzie,
SC,South Carolina,Berkeley,
MO,Missouri,Madison,
MI,Michigan,Huron,Yes
MI,Michigan,Sanilac,
TX,Texas,Hemphill,
IA,Iowa,Lee,Yes
MN,Minnesota,Hennepin,Yes
WA,Washington,Snohomish,
CA,California,San Francisco,
CA,California,Lassen,
CA,California,San Joaquin,
CA,California,Placer,
TX,Texas,Bell,
TX,Texas,Grayson,
CA,California,Orange,
MO,Missouri,Buchanan,
NC,North Carolina,Davidson,
PA,Pennsylvania,Cumberland,
MI,Michigan,Calhoun,
NH,New Hampshire,Coos,
CA,California,Los Angeles,
VA,Virginia,Rockingham,
AL,Alabama,Morgan,
IN,Indiana,Posey,
MI,Michigan,Manistee,
TX,Texas,Harris,
KS,Kansas,Butler,
NJ,New Jersey,Essex,
CO,Colorado,Morgan,Yes
CA,California,Orange,
CT,Connecticut,Litchfield,
CA,California,Kern,
LA,Louisiana,Natchitoches,
DE,Delaware,New Castle,
CT,Connecticut,Hartford,
AK,Alaska,North Slope,
CA,California,Tulare,
WI,Wisconsin,Marathon,
NM,New Mexico,Quay,
CA,California,Los Angeles,
IN,Indiana,Jasper,
UT,Utah,Beaver,
CA,California,San Bernardino,
IL,Illinois,Stephenson,
IA,Iowa,Osceola,
UT,Utah,Cache,
OH,Ohio,Portage,
ID,Idaho,Twin Falls,
ME,Maine,Aroostook,
TX,Texas,Brazos,
CT,Connecticut,Fairfield,
ME,Maine,Penobscot,
NY,New York,Monroe,
CT,Connecticut,Middlesex,
CT,Connecticut,Tolland,
MA,Massachusetts,Berkshire,
MI,Michigan,Kalamazoo,
NY,New York,Nassau,
NJ,New Jersey,Mercer,
MA,Massachusetts,Hampshire,
NY,New York,Suffolk,
CA,California,San Bernardino,
CA,California,Orange,
SC,South Carolina,Spartanburg,
IL,Illinois,Winnebago,
TN,Tennessee,Rutherford,
NH,New Hampshire,Strafford,
IL,Illinois,Cook,
KS,Kansas,Phillips,
CT,Connecticut,New London,
MA,Massachusetts,Hampshire,
NY,New York,Rensselaer,
UT,Utah,Tooele,
KS,Kansas,Seward,
KS,Kansas,Finney,
PA,Pennsylvania,Centre,
PA,Pennsylvania,Centre,
MI,Michigan,Osceola,
MN,Minnesota,Blue Earth,
CA,California,San Francisco,
AZ,Arizona,Maricopa,
NY,New York,Monroe,
MO,Missouri,Jackson,
MD,Maryland,Montgomery,
WI,Wisconsin,Dane,
MI,Michigan,St Clair,
CA,California,Orange,
CT,Connecticut,Hartford,
NJ,New Jersey,Cumberland,
IA,Iowa,Marshall,
CT,Connecticut,Hartford,
IL,Illinois,Cook,
MD,Maryland,Anne Arundel,
PA,Pennsylvania,Bucks,
CA,California,Contra Costa,
MD,Maryland,Howard,
CA,California,Los Angeles,
MI,Michigan,Kent,
KS,Kansas,Grant,
CA,California,Los Angeles,
VA,Virginia,Brunswick,
NC,North Carolina,Catawba,
IA,Iowa,Story,
OR,Oregon,Columbia,
OH,Ohio,Lucas,
AK,Alaska,North Slope,
NM,New Mexico,Valencia,
NY,New York,Steuben,
CA,California,Kern,
CA,California,Kern,
CA,California,Kern,
CA,California,Santa Clara,
CA,California,Los Angeles,
CA,California,Santa Clara,
CA,California,San Diego,
CA,California,Monterey,
CA,California,Solano,
OK,Oklahoma,Kay,
PA,Pennsylvania,Philadelphia,
CT,Connecticut,Hartford,
IL,Illinois,Lake,
MI,Michigan,Calhoun,
IL,Illinois,Cook,
IL,Illinois,Ogle,
TX,Texas,Fort Bend,
CA,California,San Luis Obispo,
AK,Alaska,Anchorage,
OR,Oregon,Morrow,
CA,California,Monterey,
NY,New York,Wyoming,
SC,South Carolina,Pickens,
PA,Pennsylvania,Bradford,
PA,Pennsylvania,Lycoming,
MI,Michigan,Ingham,
LA,Louisiana,East Baton Rouge,
CA,California,Los Angeles,
CA,California,Ventura,
DE,Delaware,New Castle,
CA,California,Alameda,
CA,California,San Joaquin,
CA,California,San Joaquin,
OH,Ohio,Cuyahoga,
CA,California,Los Angeles,
HI,Hawaii,Honolulu,
TX,Texas,Ector,
PA,Pennsylvania,Lancaster,
LA,Louisiana,St Mary,
GA,Georgia,Fulton,
PA,Pennsylvania,Lancaster,
OR,Oregon,Morrow,
NY,New York,Bronx,
MT,Montana,Flathead,
CA,California,Alameda,
NC,North Carolina,Montgomery,
MI,Michigan,Berrien,
CT,Connecticut,Fairfield,
WI,Wisconsin,Winnebago,
NC,North Carolina,Onslow,
TN,Tennessee,Montgomery,
VA,Virginia,Halifax,
TX,Texas,El Paso,
MN,Minnesota,Le Sueur,
CO,Colorado,Eagle,
NC,North Carolina,Lenoir,
IN,Indiana,Pike,
NJ,New Jersey,Mercer,
CA,California,Butte,
UT,Utah,Salt Lake,
CA,California,San Francisco,
MN,Minnesota,Olmsted,
CA,California,San Francisco,
CA,California,Alameda,
NC,North Carolina,Mecklenburg,
WI,Wisconsin,Calumet,
CT,Connecticut,Windham,
OR,Oregon,Morrow,
WA,Washington,Pierce,
CA,California,Kern,
MI,Michigan,Ottawa,
SC,South Carolina,Allendale,
SC,South Carolina,Dorchester,
PA,Pennsylvania,Wyoming,
PA,Pennsylvania,Susquehanna,
WI,Wisconsin,Polk,
PA,Pennsylvania,Bradford,
PA,Pennsylvania,Bradford,
NY,New York,New York,
PA,Pennsylvania,Bradford,
WI,Wisconsin,Richland,
TX,Texas,Hale,
NC,North Carolina,Mecklenburg,
PA,Pennsylvania,Philadelphia,
CA,California,San Bernardino,
MN,Minnesota,Stearns,
MA,Massachusetts,Middlesex,
TX,Texas,Dallas,
NJ,New Jersey,Mercer,
CA,California,Sonoma,
OH,Ohio,Summit,
AK,Alaska,Anchorage,
ME,Maine,Penobscot,
MN,Minnesota,Rice,
VA,Virginia,Loudoun,
MA,Massachusetts,Worcester,
DC,District of Columbia,District of Columbia,
MD,Maryland,Baltimore City,
HI,Hawaii,Kauai,
KS,Kansas,Finney,
NJ,New Jersey,Somerset,
PA,Pennsylvania,Montgomery,
OH,Ohio,Wayne,
MD,Maryland,Calvert,
CA,California,Santa Clara,
MI,Michigan,Ottawa,
NJ,New Jersey,Cape May,
FL,Florida,Manatee,
CO,Colorado,Weld,
TX,Texas,Brazoria,
FL,Florida,Orange,
IA,Iowa,Scott,
ND,North Dakota,Williams,
ND,North Dakota,Williams,
MN,Minnesota,Hennepin,
MD,Maryland,Cecil,
GA,Georgia,Lowndes,
AZ,Arizona,Pima,
FL,Florida,Charlotte,
RI,Rhode Island,Providence,
IN,Indiana,Jasper,
CA,California,Los Angeles,
CA,California,Alameda,
CA,California,Santa Clara,
UT,Utah,Salt Lake,
CA,California,Marin,
MO,Missouri,Wright,
NC,North Carolina,Cleveland,
OH,Ohio,Butler,
GA,Georgia,Dougherty,
OH,Ohio,Richland,
TX,Texas,Harris,
TX,Texas,Hidalgo,
KY,Kentucky,Estill,
CT,Connecticut,New London,
IN,Indiana,Marshall,
MI,Michigan,Shiawassee,
NC,North Carolina,Surry,
WI,Wisconsin,Racine,
MI,Michigan,Washtenaw,
NY,New York,Albany,
CA,California,San Diego,
CA,California,San Diego,
CA,California,San Diego,
CA,California,Orange,
MI,Michigan,Branch,
ID,Idaho,Madison,
ID,Idaho,Bannock,
CA,California,Santa Clara,
WI,Wisconsin,Dane,
MI,Michigan,Berrien,
VA,Virginia,Highland,
IL,Illinois,Dewitt,
OK,Oklahoma,Payne,
TX,Texas,Bexar,
GA,Georgia,Clarke,
CA,California,Shasta,
UT,Utah,Washington,
MO,Missouri,Howell,
FL,Florida,Sarasota,
NC,North Carolina,Wake,
OR,Oregon,Lane,
AL,Alabama,Dekalb,
NC,North Carolina,Johnston,
MA,Massachusetts,Middlesex,
KS,Kansas,Montgomery,
SC,South Carolina,Orangeburg,
SC,South Carolina,Orangeburg,
PA,Pennsylvania,Somerset,
OH,Ohio,Lucas,
OH,Ohio,Carroll,
IN,Indiana,White,
OK,Oklahoma,Woods,
DE,Delaware,New Castle,
MI,Michigan,Newaygo,
IL,Illinois,Ogle,
AK,Alaska,Juneau,
IL,Illinois,Cook,
CA,California,San Bernardino,
CT,Connecticut,New Haven,
CA,California,Santa Clara,
CA,California,Alameda,
CA,California,San Bernardino,
CA,California,Santa Clara,
IN,Indiana,Lake,
TN,Tennessee,Washington,
WI,Wisconsin,Brown,
TX,Texas,Hood,
MA,Massachusetts,Hampshire,
NY,New York,Broome,
VA,Virginia,Pulaski,
IL,Illinois,Cook,
VA,Virginia,Frederick,
CA,California,Riverside,
MA,Massachusetts,Norfolk,
PA,Pennsylvania,Luzerne,
VA,Virginia,Greensville,
MI,Michigan,Otsego,
WI,Wisconsin,Milwaukee,
TX,Texas,Colorado,
CA,California,Solano,
CT,Connecticut,Hartford,
FL,Florida,Nassau,
CT,Connecticut,New Haven,
CT,Connecticut,Fairfield,
GA,Georgia,Lowndes,
MI,Michigan,Muskegon,
CT,Connecticut,Hartford,
CA,California,Orange,
TX,Texas,Wharton,
WY,Wyoming,Fremont,
KY,Kentucky,Barren,
GA,Georgia,Twiggs,
CA,California,Santa Clara,
VA,Virginia,Bristol City,
CA,California,Santa Clara,
CA,California,Santa Clara,
VA,Virginia,Accomack,
VA,Virginia,Accomack,
VA,Virginia,Accomack,
SC,South Carolina,Union,
AK,Alaska,Northwest Arctic,
AK,Alaska,Wade Hampton,
AK,Alaska,Dillingham,
CA,California,San Mateo,
MN,Minnesota,Steele,
AK,Alaska,Nome,
OR,Oregon,Washington,
TX,Texas,Galveston,
MA,Massachusetts,Middlesex,
MD,Maryland,Prince Georges,
HI,Hawaii,Honolulu,
GA,Georgia,Dougherty,
FL,Florida,Okeechobee,
UT,Utah,Davis,
PA,Pennsylvania,Lackawanna,
NC,North Carolina,Guilford,
PA,Pennsylvania,Snyder,
OH,Ohio,Trumbull,
CA,California,Alameda,
PA,Pennsylvania,Berks,
CT,Connecticut,New London,
ME,Maine,Somerset,
TX,Texas,Calhoun,
TX,Texas,Harris,
PA,Pennsylvania,Westmoreland,
TX,Texas,Harris,
AR,Arkansas,Washington,
GA,Georgia,Franklin,
MI,Michigan,Marquette,
MN,Minnesota,Olmsted,
CA,California,San Diego,
PA,Pennsylvania,Cambria,
CT,Connecticut,New Haven,
MN,Minnesota,Scott,
CT,Connecticut,Fairfield,
NM,New Mexico,Dona Ana,
FL,Florida,Osceola,
KY,Kentucky,Scott,
IN,Indiana,Elkhart,
IL,Illinois,DuPage,
KS,Kansas,Miami,
KS,Kansas,Miami,
AZ,Arizona,Maricopa,
NV,Nevada,Clark,
IL,Illinois,Lake,
MA,Massachusetts,Essex,
CA,California,Kings,
LA,Louisiana,St Charles,
NJ,New Jersey,Mercer,
CA,California,Los Angeles,
NY,New York,Genesee,
NY,New York,Bronx,
NY,New York,New York,
CA,California,San Joaquin,
PR,Puerto Rico,Penuelas,
PA,Pennsylvania,Berks,
OH,Ohio,Richland,
FL,Florida,Leon,
PR,Puerto Rico,Guayama,Yes
PR,Puerto Rico,Canovanas,
OH,Ohio,Brown,
PR,Puerto Rico,Salinas,
PR,Puerto Rico,,
PR,Puerto Rico,,
PR,Puerto Rico,,
PR,Puerto Rico,Arecibo,
PR,Puerto Rico,,
CA,California,Santa Clara,
CA,California,Orange,
PR,Puerto Rico,,
MA,Massachusetts,Suffolk,
GA,Georgia,Madison,
PR,Puerto Rico,Culebra,
PR,Puerto Rico,,
PR,Puerto Rico,,
PR,Puerto Rico,,
PR,Puerto Rico,,
NY,New York,New York,
TX,Texas,Victoria,
PA,Pennsylvania,Bradford,
IN,Indiana,Johnson,
MD,Maryland,Harford,
GA,Georgia,Barrow,
GA,Georgia,Spalding,
GA,Georgia,Gwinnett,
MI,Michigan,Baraga,
MI,Michigan,Marquette,
NY,New York,Kings,
NY,New York,Queens,
NY,New York,New York,
NY,New York,New York,
CA,California,Kern,
CA,California,Kern,
CA,California,Kern,
UT,Utah,Utah,
NY,New York,Rockland,
NY,New York,Kings,
NY,New York,New York,
NY,New York,New York,
TX,Texas,Denton,
WI,Wisconsin,Marathon,
PR,Puerto Rico,Gurabo,
NC,North Carolina,Wake,
NC,North Carolina,Wake,
AK,Alaska,Prince of Wales-Hyder,
AK,Alaska,Southeast Fairbanks,
MA,Massachusetts,Bristol,
CT,Connecticut,Fairfield,
PA,Pennsylvania,Philadelphia,
CA,California,Kern,
NC,North Carolina,Gaston,
OR,Oregon,Douglas,
FL,Florida,Brevard,
FL,Florida,Hernando,
FL,Florida,Seminole,
CT,Connecticut,Hartford,
PR,Puerto Rico,Caguas,
CT,Connecticut,New Haven,
NJ,New Jersey,Middlesex,
OH,Ohio,Cuyahoga,
CA,California,Tulare,
IA,Iowa,Iowa,
RI,Rhode Island,Washington,
MD,Maryland,Prince Georges,
MS,Mississippi,Smith,
SC,South Carolina,Beaufort,
IL,Illinois,Champaign,
NY,New York,Kings,
NY,New York,Kings,
NY,New York,Suffolk,
WI,Wisconsin,Calumet,
NY,New York,Kings,
NY,New York,Westchester,
WI,Wisconsin,Rock,
MN,Minnesota,Olmsted,
NY,New York,Kings,
CA,California,Kern,
NY,New York,New York,
NY,New York,Westchester,
NY,New York,Queens,
MT,Montana,Yellowstone,Yes
NY,New York,New York,
NY,New York,Bronx,
CA,California,Kings,
CA,California,Kings,
NY,New York,Westchester,
NY,New York,Westchester,
NY,New York,Monroe,
NY,New York,Westchester,
AL,Alabama,Mobile,
NY,New York,Queens,
NY,New York,Westchester,
NY,New York,Westchester,
CT,Connecticut,Fairfield,
NY,New York,Westchester,
CA,California,Los Angeles,
CA,California,Santa Clara,
IA,Iowa,Johnson,
NJ,New Jersey,Atlantic,
CA,California,Los Angeles,
NY,New York,Suffolk,
CA,California,Orange,
CA,California,Los Angeles,
CA,California,Santa Clara,
NY,New York,Queens,
CA,California,Santa Clara,
NY,New York,Westchester,
KS,Kansas,Coffey,
NY,New York,Rockland,
NJ,New Jersey,Union,
MA,Massachusetts,Bristol,
KY,Kentucky,Rowan,
OH,Ohio,Summit,
CA,California,Santa Clara,
WI,Wisconsin,Dane,
CA,California,Santa Clara,
CA,California,Orange,
CA,California,Contra Costa,
CA,California,Alameda,
CA,California,Napa,
CA,California,Santa Clara,
CA,California,Santa Clara,
CA,California,Los Angeles,
CA,California,Los Angeles,
NY,New York,Wayne,
PA,Pennsylvania,Lancaster,
TX,Texas,Harris,
PR,Puerto Rico,,
PR,Puerto Rico,Fajardo,
PR,Puerto Rico,Cupey,
PR,Puerto Rico,Humacao,
VT,Vermont,Orleans,
NC,North Carolina,Pitt,
PA,Pennsylvania,Dauphin,
NY,New York,Oneida,
PA,Pennsylvania,Philadelphia,
MO,Missouri,Marion,
MO,Missouri,Marion,
MO,Missouri,Marion,
VA,Virginia,Bedford,
VT,Vermont,Franklin,
NY,New York,Kings,
CA,California,Los Angeles,
DC,District of Columbia,District of Columbia,
CT,Connecticut,Fairfield,
CA,California,Tulare,
OH,Ohio,Richland,
DC,District of Columbia,District of Columbia,
NJ,New Jersey,Atlantic,
PA,Pennsylvania,Allegheny,
NJ,New Jersey,Burlington,
NJ,New Jersey,Passaic,
NJ,New Jersey,Essex,
CA,California,San Diego,
CA,California,Santa Clara,
CA,California,Solano,
CA,California,Los Angeles,
CA,California,Santa Clara,
OK,Oklahoma,Oklahoma,
TN,Tennessee,Loudon,
MA,Massachusetts,Norfolk,
CA,California,San Joaquin,
NY,New York,Kings,
NY,New York,Kings,
NY,New York,Kings,
CT,Connecticut,Fairfield,
CA,California,Santa Clara,
DE,Delaware,New Castle,
CA,California,Santa Clara,
NJ,New Jersey,Hudson,
NJ,New Jersey,Hudson,
CA,California,Santa Clara,
CA,California,Santa Clara,
NJ,New Jersey,Hudson,
CA,California,Santa Clara,
MI,Michigan,Ottawa,
CA,California,Santa Clara,
CA,California,Alameda,
NJ,New Jersey,Somerset,
CA,California,San Diego,
CA,California,Santa Clara,
CA,California,Los Angeles,
CA,California,Monterey,
ID,Idaho,Cassia,
IA,Iowa,Hamilton,
OH,Ohio,Marion,
MI,Michigan,Tuscola,
IA,Iowa,Worth,
SD,South Dakota,Lincoln,
GA,Georgia,Hart,
